{
  "name": "fraud_prediction",
  "endpoints": [
    {
      "modelRef": "GYqmixh4",
      "useJava": true,
      "outputExplanations": false,
      "individualExplanationParams": {
        "method": "ICE",
        "nbExplanations": 3,
        "drawInScoredSet": false,
        "shapleyBackgroundSize": 100,
        "subChunkSize": 5000
      },
      "testQueries": [
        {
          "name": "transactions_prepared_unknown #1",
          "q": {
            "features": {
              "purchase_date": "2018-02-23 17:46:18",
              "card_id": "C_ID_69812e3e2e",
              "merchant_id": "M_ID_89ede51747",
              "merchant_category_id": "298",
              "item_category": "A",
              "purchase_amount": "239.64",
              "signature_provided": "0",
              "card_first_active_month": "2015-12",
              "card_reward_program": "cash_back",
              "card_latitude": "44.093",
              "card_longitude": "-72.588",
              "card_fico_score": "436",
              "card_age": "38",
              "merchant_subsector_description": "insurance",
              "merchant_latitude": "45.921",
              "merchant_longitude": "-119.619",
              "merchant_cardholder_distance": "2267.2794206063318"
            }
          }
        }
      ],
      "enrichMapping": [],
      "healthCheckQueries": [],
      "returnPostEnrichData": false,
      "auditPostEnrichData": false,
      "id": "fraud_prediction",
      "type": "STD_PREDICTION"
    }
  ],
  "publicAccess": true,
  "authRealm": {
    "queryKeys": []
  },
  "tags": [],
  "customFields": {},
  "checklists": {
    "checklists": []
  }
}