{
  "type": "MongoDB",
  "managed": true,
  "checklists": {
    "checklists": []
  },
  "checks": [],
  "customMeta": {
    "kv": {}
  },
  "flowOptions": {
    "virtualizable": false,
    "rebuildBehavior": "NORMAL",
    "crossProjectBuildBehavior": "DEFAULT"
  },
  "readWriteOptions": {
    "preserveOrder": false,
    "writeBuckets": 1,
    "forceSingleOutputFile": false,
    "defaultReadOrdering": {
      "enabled": false,
      "rules": []
    }
  },
  "partitioning": {
    "ignoreNonMatchingFile": false,
    "considerMissingRequestedPartitionsAsEmpty": false,
    "dimensions": []
  },
  "versionTag": {
    "versionNumber": 0,
    "lastModifiedBy": {
      "login": "admin"
    },
    "lastModifiedOn": 1612830043846
  },
  "creationTag": {
    "versionNumber": 0,
    "lastModifiedBy": {
      "login": "admin"
    },
    "lastModifiedOn": 1612830043846
  },
  "tags": [],
  "params": {
    "connection": "mongo-fraud-demo",
    "notReadyIfEmpty": false,
    "collection": "transactions_prepared_unknown_scored",
    "importIds": false,
    "strictInputFormat": false,
    "strictOutputFormat": false,
    "partitioned": false,
    "readDataTypeMismatchBehavior": "DISCARD_WARNING",
    "writeDataTypeMismatchBehavior": "DISCARD_WARNING"
  },
  "schema": {
    "columns": [
      {
        "name": "purchase_date",
        "type": "string"
      },
      {
        "name": "card_id",
        "type": "string"
      },
      {
        "name": "merchant_id",
        "type": "string"
      },
      {
        "name": "merchant_category_id",
        "type": "bigint"
      },
      {
        "name": "item_category",
        "type": "string"
      },
      {
        "name": "purchase_amount",
        "type": "double"
      },
      {
        "name": "signature_provided",
        "type": "bigint"
      },
      {
        "name": "card_first_active_month",
        "type": "string"
      },
      {
        "name": "card_reward_program",
        "type": "string"
      },
      {
        "name": "card_latitude",
        "type": "double"
      },
      {
        "name": "card_longitude",
        "type": "double"
      },
      {
        "name": "card_fico_score",
        "type": "bigint"
      },
      {
        "name": "card_age",
        "type": "bigint"
      },
      {
        "name": "merchant_subsector_description",
        "type": "string"
      },
      {
        "name": "merchant_latitude",
        "type": "double"
      },
      {
        "name": "merchant_longitude",
        "type": "double"
      },
      {
        "name": "merchant_cardholder_distance",
        "type": "double"
      },
      {
        "name": "proba_0",
        "type": "double"
      },
      {
        "name": "proba_1",
        "type": "double"
      },
      {
        "name": "prediction",
        "type": "string"
      }
    ],
    "userModified": true
  },
  "metrics": {
    "probes": [
      {
        "type": "basic",
        "enabled": true,
        "computeOnBuildMode": "PARTITION",
        "meta": {
          "name": "Basic data",
          "level": 0
        },
        "configuration": {}
      },
      {
        "type": "records",
        "enabled": true,
        "computeOnBuildMode": "NO",
        "meta": {
          "name": "Record count",
          "level": 0
        },
        "configuration": {}
      }
    ],
    "engineConfig": {
      "padRunsWithMetrics": false,
      "hive": {
        "active": true,
        "extraConf": []
      },
      "basic": {},
      "dss": {
        "active": true,
        "selection": {
          "useMemTable": false,
          "filter": {
            "distinct": false,
            "enabled": false
          },
          "partitionSelectionMethod": "ALL",
          "latestPartitionsN": 1,
          "ordering": {
            "enabled": false,
            "rules": []
          },
          "samplingMethod": "FULL",
          "maxRecords": -1,
          "targetRatio": 0.02,
          "withinFirstN": -1,
          "maxReadUncompressedBytes": -1
        }
      },
      "sql": {
        "active": true
      },
      "impala": {
        "active": true
      },
      "spark": {
        "active": true,
        "extraConf": []
      },
      "python": {}
    },
    "displayedState": {
      "columns": [],
      "metrics": [
        "basic:COUNT_COLUMNS",
        "records:COUNT_RECORDS"
      ]
    }
  },
  "metricsChecks": {
    "runOnBuild": false,
    "checks": [],
    "displayedState": {
      "checks": []
    }
  },
  "customFields": {}
}