{
  "trainedWithDSSVersion": "8.0.2",
  "backend": "PY_MEMORY",
  "isValid": true,
  "type": "BINARY_PROBABILISTIC",
  "algorithm_name": "FOREST_CLASSIFIER",
  "columns": [
    "card_age",
    "card_fico_score",
    "card_latitude",
    "card_longitude",
    "merchant_cardholder_distance",
    "merchant_category_id",
    "merchant_latitude",
    "merchant_longitude",
    "purchase_amount",
    "signature_provided",
    "dummy:item_category:D",
    "dummy:item_category:A",
    "dummy:item_category:B",
    "dummy:item_category:C",
    "dummy:item_category:N/A",
    "dummy:item_category:__Others__",
    "dummy:card_first_active_month:2016-12",
    "dummy:card_first_active_month:2017-01",
    "dummy:card_first_active_month:2016-11",
    "dummy:card_first_active_month:2017-03",
    "dummy:card_first_active_month:2017-02",
    "dummy:card_first_active_month:2017-04",
    "dummy:card_first_active_month:2017-05",
    "dummy:card_first_active_month:2016-08",
    "dummy:card_first_active_month:2016-10",
    "dummy:card_first_active_month:2017-06",
    "dummy:card_first_active_month:2016-07",
    "dummy:card_first_active_month:2016-09",
    "dummy:card_first_active_month:2016-06",
    "dummy:card_first_active_month:2016-05",
    "dummy:card_first_active_month:2017-07",
    "dummy:card_first_active_month:2016-04",
    "dummy:card_first_active_month:2015-12",
    "dummy:card_first_active_month:2016-03",
    "dummy:card_first_active_month:2016-02",
    "dummy:card_first_active_month:2016-01",
    "dummy:card_first_active_month:2015-11",
    "dummy:card_first_active_month:2015-10",
    "dummy:card_first_active_month:2015-08",
    "dummy:card_first_active_month:2015-07",
    "dummy:card_first_active_month:2015-09",
    "dummy:card_first_active_month:2015-06",
    "dummy:card_first_active_month:2015-05",
    "dummy:card_first_active_month:2017-08",
    "dummy:card_first_active_month:2015-04",
    "dummy:card_first_active_month:2015-03",
    "dummy:card_first_active_month:2014-07",
    "dummy:card_first_active_month:2014-12",
    "dummy:card_first_active_month:2015-01",
    "dummy:card_first_active_month:2015-02",
    "dummy:card_first_active_month:2014-11",
    "dummy:card_first_active_month:2014-09",
    "dummy:card_first_active_month:2014-05",
    "dummy:card_first_active_month:2014-04",
    "dummy:card_first_active_month:2014-10",
    "dummy:card_first_active_month:2014-06",
    "dummy:card_first_active_month:2014-08",
    "dummy:card_first_active_month:2013-12",
    "dummy:card_first_active_month:2014-03",
    "dummy:card_first_active_month:2013-06",
    "dummy:card_first_active_month:2013-11",
    "dummy:card_first_active_month:2013-09",
    "dummy:card_first_active_month:2014-02",
    "dummy:card_first_active_month:2013-07",
    "dummy:card_first_active_month:2013-10",
    "dummy:card_first_active_month:2014-01",
    "dummy:card_first_active_month:2013-05",
    "dummy:card_first_active_month:2013-08",
    "dummy:card_first_active_month:2013-03",
    "dummy:card_first_active_month:2012-09",
    "dummy:card_first_active_month:2012-05",
    "dummy:card_first_active_month:2012-08",
    "dummy:card_first_active_month:2012-10",
    "dummy:card_first_active_month:2013-01",
    "dummy:card_first_active_month:2012-04",
    "dummy:card_first_active_month:2013-02",
    "dummy:card_first_active_month:2017-09",
    "dummy:card_first_active_month:2012-12",
    "dummy:card_first_active_month:2011-11",
    "dummy:card_first_active_month:2012-11",
    "dummy:card_first_active_month:2013-04",
    "dummy:card_first_active_month:2012-06",
    "dummy:card_first_active_month:2012-07",
    "dummy:card_first_active_month:2017-10",
    "dummy:card_first_active_month:2012-02",
    "dummy:card_first_active_month:2012-03",
    "dummy:card_first_active_month:2017-11",
    "dummy:card_first_active_month:2011-12",
    "dummy:card_first_active_month:N/A",
    "dummy:card_first_active_month:__Others__",
    "dummy:card_id:C_ID_7a03fa69f9",
    "dummy:card_id:C_ID_6ae9f40da5",
    "dummy:card_id:C_ID_62698b6025",
    "dummy:card_id:C_ID_06a3cf2fbe",
    "dummy:card_id:C_ID_651d172f24",
    "dummy:card_id:C_ID_d46616aa72",
    "dummy:card_id:C_ID_5d3b2958a0",
    "dummy:card_id:C_ID_003e56029c",
    "dummy:card_id:C_ID_ff9b7366a8",
    "dummy:card_id:C_ID_8f2110e34b",
    "dummy:card_id:C_ID_ee9208af7b",
    "dummy:card_id:C_ID_3b6a04a160",
    "dummy:card_id:C_ID_1076351773",
    "dummy:card_id:C_ID_ca63575e9c",
    "dummy:card_id:C_ID_5a1fc7e2a0",
    "dummy:card_id:C_ID_55f47d506e",
    "dummy:card_id:C_ID_5fe9e680f5",
    "dummy:card_id:C_ID_9008ffbef0",
    "dummy:card_id:C_ID_b82983d452",
    "dummy:card_id:C_ID_a6e856555f",
    "dummy:card_id:C_ID_e8ba9b2566",
    "dummy:card_id:C_ID_b306b7d34b",
    "dummy:card_id:C_ID_91fac4f3a7",
    "dummy:card_id:C_ID_272aa0597a",
    "dummy:card_id:C_ID_3fbe822540",
    "dummy:card_id:C_ID_97055db9a8",
    "dummy:card_id:C_ID_b8296bde99",
    "dummy:card_id:C_ID_44ec5a83ae",
    "dummy:card_id:C_ID_d17119ccfc",
    "dummy:card_id:C_ID_670dc497f6",
    "dummy:card_id:C_ID_5a05c5bfbc",
    "dummy:card_id:C_ID_007196111f",
    "dummy:card_id:C_ID_4c90872428",
    "dummy:card_id:C_ID_862a77fbf3",
    "dummy:card_id:C_ID_7ebe1f53d9",
    "dummy:card_id:C_ID_ef7e33744a",
    "dummy:card_id:C_ID_c57808ae14",
    "dummy:card_id:C_ID_3d7e0c9037",
    "dummy:card_id:C_ID_31f353fbad",
    "dummy:card_id:C_ID_82c046e8f8",
    "dummy:card_id:C_ID_388e05ae42",
    "dummy:card_id:C_ID_f4143f1e5b",
    "dummy:card_id:C_ID_4464ba3204",
    "dummy:card_id:C_ID_3a95a9e5e1",
    "dummy:card_id:C_ID_d3e9668f74",
    "dummy:card_id:C_ID_adafc22926",
    "dummy:card_id:C_ID_ce43c4bc8e",
    "dummy:card_id:C_ID_a03e09e54b",
    "dummy:card_id:C_ID_cfda1b7fe6",
    "dummy:card_id:C_ID_6ec3aa7c9f",
    "dummy:card_id:C_ID_10c0f4fd42",
    "dummy:card_id:C_ID_d18a9234a2",
    "dummy:card_id:C_ID_e54aeb08f7",
    "dummy:card_id:C_ID_a48bcef139",
    "dummy:card_id:C_ID_4871cf1b81",
    "dummy:card_id:C_ID_9e6b3e491a",
    "dummy:card_id:C_ID_eab36be51c",
    "dummy:card_id:C_ID_3227e2b41d",
    "dummy:card_id:C_ID_edc36511d2",
    "dummy:card_id:C_ID_94be784c25",
    "dummy:card_id:C_ID_d67277bd53",
    "dummy:card_id:C_ID_0f0da34586",
    "dummy:card_id:C_ID_1627731112",
    "dummy:card_id:C_ID_838146f9cd",
    "dummy:card_id:C_ID_f2040a9440",
    "dummy:card_id:C_ID_887de408dc",
    "dummy:card_id:C_ID_8cd07898f0",
    "dummy:card_id:C_ID_94d4d0f2c4",
    "dummy:card_id:C_ID_a5d1fd5620",
    "dummy:card_id:C_ID_f876daee2f",
    "dummy:card_id:C_ID_cfabd8f145",
    "dummy:card_id:C_ID_7069f8364b",
    "dummy:card_id:C_ID_bdf0e76119",
    "dummy:card_id:C_ID_9d0bef1bf6",
    "dummy:card_id:C_ID_a540a65b69",
    "dummy:card_id:C_ID_625591fd8b",
    "dummy:card_id:C_ID_36310815ca",
    "dummy:card_id:C_ID_1ae9f697df",
    "dummy:card_id:C_ID_96c0bf2ed0",
    "dummy:card_id:C_ID_8577fae389",
    "dummy:card_id:C_ID_6ff425b8be",
    "dummy:card_id:C_ID_4511a12cec",
    "dummy:card_id:C_ID_485418d66a",
    "dummy:card_id:C_ID_715c80a181",
    "dummy:card_id:C_ID_17768e259a",
    "dummy:card_id:C_ID_8db144f63e",
    "dummy:card_id:C_ID_aa840c386e",
    "dummy:card_id:C_ID_953b880f44",
    "dummy:card_id:C_ID_4567186799",
    "dummy:card_id:C_ID_af6b6e754b",
    "dummy:card_id:C_ID_4d3a26f711",
    "dummy:card_id:C_ID_117d90c4ce",
    "dummy:card_id:C_ID_75e8916fc3",
    "dummy:card_id:C_ID_47d2295a52",
    "dummy:card_id:C_ID_d45298dee9",
    "dummy:card_id:C_ID_98834447a4",
    "dummy:card_id:C_ID_0f023c5680",
    "dummy:card_id:C_ID_0c8b1c5aae",
    "dummy:card_id:C_ID_8f68914de7",
    "dummy:card_id:C_ID_7c2f4445cb",
    "dummy:card_id:C_ID_a4b7f25186",
    "dummy:card_id:N/A",
    "dummy:card_id:__Others__",
    "dummy:merchant_subsector_description:gas",
    "dummy:merchant_subsector_description:consumer electronics",
    "dummy:merchant_subsector_description:luxury goods",
    "dummy:merchant_subsector_description:internet",
    "dummy:merchant_subsector_description:insurance",
    "dummy:merchant_subsector_description:restaurant/dining",
    "dummy:merchant_subsector_description:groceries",
    "dummy:merchant_subsector_description:gym",
    "dummy:merchant_subsector_description:entertainment",
    "dummy:merchant_subsector_description:carpentry",
    "dummy:merchant_subsector_description:beauty \u0026 personal care",
    "dummy:merchant_subsector_description:retail apparel",
    "dummy:merchant_subsector_description:biotechnology",
    "dummy:merchant_subsector_description:hotel",
    "dummy:merchant_subsector_description:health care services",
    "dummy:merchant_subsector_description:liquor",
    "dummy:merchant_subsector_description:advertising services",
    "dummy:merchant_subsector_description:real estate investments",
    "dummy:merchant_subsector_description:semiconductors",
    "dummy:merchant_subsector_description:tobacco",
    "dummy:merchant_subsector_description:flights",
    "dummy:merchant_subsector_description:news \u0026 journalism",
    "dummy:merchant_subsector_description:pharmaceuticals",
    "dummy:merchant_subsector_description:dental",
    "dummy:merchant_subsector_description:misc entertainment",
    "dummy:merchant_subsector_description:real estate services",
    "dummy:merchant_subsector_description:magic cards",
    "dummy:merchant_subsector_description:financial services",
    "dummy:merchant_subsector_description:office supplies",
    "dummy:merchant_subsector_description:utilities",
    "dummy:merchant_subsector_description:phone bill",
    "dummy:merchant_subsector_description:astrological services",
    "dummy:merchant_subsector_description:adult industry",
    "dummy:merchant_subsector_description:health care technology",
    "dummy:merchant_subsector_description:professional photography",
    "dummy:merchant_subsector_description:automobiles",
    "dummy:merchant_subsector_description:education services",
    "dummy:merchant_subsector_description:software",
    "dummy:merchant_subsector_description:N/A",
    "dummy:merchant_subsector_description:__Others__",
    "dummy:merchant_id:M_ID_00a6ca8a8a",
    "dummy:merchant_id:M_ID_e5374dabc0",
    "dummy:merchant_id:M_ID_fc7d7969c3",
    "dummy:merchant_id:M_ID_f86439cec0",
    "dummy:merchant_id:M_ID_98b342c0e3",
    "dummy:merchant_id:M_ID_26d4fadb60",
    "dummy:merchant_id:M_ID_82a30d9203",
    "dummy:merchant_id:M_ID_2637773dd2",
    "dummy:merchant_id:M_ID_445742726b",
    "dummy:merchant_id:M_ID_6f274b9340",
    "dummy:merchant_id:M_ID_b9dcf28cb9",
    "dummy:merchant_id:M_ID_48257bb851",
    "dummy:merchant_id:M_ID_deb43ff012",
    "dummy:merchant_id:M_ID_940fb4498f",
    "dummy:merchant_id:M_ID_b5b80addf5",
    "dummy:merchant_id:M_ID_820c7b73c8",
    "dummy:merchant_id:M_ID_1ac6bbc867",
    "dummy:merchant_id:M_ID_77e2942cd8",
    "dummy:merchant_id:M_ID_59764e8cb1",
    "dummy:merchant_id:M_ID_5e8220e564",
    "dummy:merchant_id:M_ID_d86b8cc0eb",
    "dummy:merchant_id:M_ID_3111c6df35",
    "dummy:merchant_id:M_ID_9e84cda3b1",
    "dummy:merchant_id:M_ID_d8e0d42e4b",
    "dummy:merchant_id:M_ID_a9d91682ad",
    "dummy:merchant_id:M_ID_f416f2710c",
    "dummy:merchant_id:M_ID_1691e83915",
    "dummy:merchant_id:M_ID_548f18cdd2",
    "dummy:merchant_id:M_ID_d96a11b2df",
    "dummy:merchant_id:M_ID_86ec983688",
    "dummy:merchant_id:M_ID_ca4d18b336",
    "dummy:merchant_id:M_ID_3f3084da59",
    "dummy:merchant_id:M_ID_b1fc88154d",
    "dummy:merchant_id:M_ID_a08fe74b06",
    "dummy:merchant_id:M_ID_ee75252e6a",
    "dummy:merchant_id:M_ID_ba1ce2074b",
    "dummy:merchant_id:M_ID_522bd82b6f",
    "dummy:merchant_id:M_ID_3f897c07d9",
    "dummy:merchant_id:M_ID_ec24d672a3",
    "dummy:merchant_id:M_ID_c355870ab2",
    "dummy:merchant_id:M_ID_c0e83eea18",
    "dummy:merchant_id:M_ID_7f9f2e39ec",
    "dummy:merchant_id:M_ID_3056b5cb36",
    "dummy:merchant_id:M_ID_b9f9332438",
    "dummy:merchant_id:M_ID_ac78c7d82a",
    "dummy:merchant_id:M_ID_aa91fc5309",
    "dummy:merchant_id:M_ID_3f644b8667",
    "dummy:merchant_id:M_ID_19171c737a",
    "dummy:merchant_id:M_ID_77197a9b5e",
    "dummy:merchant_id:M_ID_35baecb1f2",
    "dummy:merchant_id:M_ID_f1480cd2d8",
    "dummy:merchant_id:M_ID_c1a7024db1",
    "dummy:merchant_id:M_ID_fd1f12c3f8",
    "dummy:merchant_id:M_ID_2c049b075c",
    "dummy:merchant_id:M_ID_ccd0d5871d",
    "dummy:merchant_id:M_ID_f0400371aa",
    "dummy:merchant_id:M_ID_d2897279e5",
    "dummy:merchant_id:M_ID_06373fb834",
    "dummy:merchant_id:M_ID_183cdc29e4",
    "dummy:merchant_id:M_ID_291c045ffd",
    "dummy:merchant_id:M_ID_620909e2a7",
    "dummy:merchant_id:M_ID_8780293e82",
    "dummy:merchant_id:M_ID_e844ab50e8",
    "dummy:merchant_id:M_ID_97f0959810",
    "dummy:merchant_id:M_ID_29ec8d2ab8",
    "dummy:merchant_id:M_ID_001d92b649",
    "dummy:merchant_id:M_ID_6464db3b45",
    "dummy:merchant_id:M_ID_4e461f7e14",
    "dummy:merchant_id:M_ID_6cb0602e94",
    "dummy:merchant_id:M_ID_a30d553adf",
    "dummy:merchant_id:M_ID_e27d4bbe57",
    "dummy:merchant_id:M_ID_309752ddea",
    "dummy:merchant_id:M_ID_cc72dac895",
    "dummy:merchant_id:M_ID_8fcb16a959",
    "dummy:merchant_id:M_ID_5acc84335e",
    "dummy:merchant_id:M_ID_004995eae1",
    "dummy:merchant_id:M_ID_ff41dc3e35",
    "dummy:merchant_id:M_ID_f40ccc1312",
    "dummy:merchant_id:M_ID_c6ffe460d4",
    "dummy:merchant_id:M_ID_dfcf66c65e",
    "dummy:merchant_id:M_ID_17511eed62",
    "dummy:merchant_id:M_ID_8450b55d77",
    "dummy:merchant_id:M_ID_c8f44ec011",
    "dummy:merchant_id:M_ID_eeba6b925d",
    "dummy:merchant_id:M_ID_f9b32cfc49",
    "dummy:merchant_id:M_ID_ad49138777",
    "dummy:merchant_id:M_ID_d28ecbaaa7",
    "dummy:merchant_id:M_ID_d13262f4b0",
    "dummy:merchant_id:M_ID_ea3e266c07",
    "dummy:merchant_id:M_ID_eadef5a95f",
    "dummy:merchant_id:M_ID_ddb2f16951",
    "dummy:merchant_id:M_ID_076cd8a829",
    "dummy:merchant_id:M_ID_f4be79819d",
    "dummy:merchant_id:M_ID_384ffe1bef",
    "dummy:merchant_id:M_ID_7064a8aa68",
    "dummy:merchant_id:M_ID_9dbbaabb0a",
    "dummy:merchant_id:M_ID_b5e5acf804",
    "dummy:merchant_id:M_ID_1e1f6cc067",
    "dummy:merchant_id:M_ID_42846e7bc8",
    "dummy:merchant_id:M_ID_f9263abc91",
    "dummy:merchant_id:M_ID_4852daada8",
    "dummy:merchant_id:N/A",
    "dummy:merchant_id:__Others__",
    "dummy:card_reward_program:cash_back",
    "dummy:card_reward_program:travel",
    "dummy:card_reward_program:dining_entertainment",
    "dummy:card_reward_program:N/A",
    "dummy:card_reward_program:__Others__",
    "dummy:purchase_date:2017-03-09 17:22:00",
    "dummy:purchase_date:2017-06-29 10:37:31",
    "dummy:purchase_date:2017-07-27 16:22:37",
    "dummy:purchase_date:2017-04-12 18:27:00",
    "dummy:purchase_date:2017-06-10 08:51:02",
    "dummy:purchase_date:2017-07-22 13:08:23",
    "dummy:purchase_date:2017-06-06 21:26:47",
    "dummy:purchase_date:2017-07-26 17:59:43",
    "dummy:purchase_date:2017-05-25 14:28:36",
    "dummy:purchase_date:2017-04-29 12:25:54",
    "dummy:purchase_date:2017-07-10 08:19:18",
    "dummy:purchase_date:2017-05-19 19:41:49",
    "dummy:purchase_date:2017-07-14 14:04:37",
    "dummy:purchase_date:2017-07-17 21:01:32",
    "dummy:purchase_date:2017-08-09 17:13:08",
    "dummy:purchase_date:2017-05-13 08:40:47",
    "dummy:purchase_date:2017-05-28 09:43:52",
    "dummy:purchase_date:2017-07-17 13:18:59",
    "dummy:purchase_date:2017-03-07 23:31:56",
    "dummy:purchase_date:2017-03-18 15:57:50",
    "dummy:purchase_date:2017-08-03 20:09:21",
    "dummy:purchase_date:2017-05-19 16:01:56",
    "dummy:purchase_date:2017-07-13 13:38:19",
    "dummy:purchase_date:2017-07-29 16:05:11",
    "dummy:purchase_date:2017-04-27 13:28:00",
    "dummy:purchase_date:2017-07-07 15:43:35",
    "dummy:purchase_date:2017-07-21 13:08:26",
    "dummy:purchase_date:2017-06-16 12:18:47",
    "dummy:purchase_date:2017-05-09 20:57:24",
    "dummy:purchase_date:2017-06-16 16:34:26",
    "dummy:purchase_date:2017-04-16 19:05:12",
    "dummy:purchase_date:2017-04-29 12:54:28",
    "dummy:purchase_date:2017-07-02 10:30:21",
    "dummy:purchase_date:2017-07-06 13:41:28",
    "dummy:purchase_date:2017-06-29 15:15:03",
    "dummy:purchase_date:2017-05-31 13:11:19",
    "dummy:purchase_date:2017-07-14 12:59:19",
    "dummy:purchase_date:2017-08-01 12:11:53",
    "dummy:purchase_date:2017-03-17 16:05:17",
    "dummy:purchase_date:2017-02-15 17:53:18",
    "dummy:purchase_date:2017-08-08 13:30:11",
    "dummy:purchase_date:2017-05-14 22:50:58",
    "dummy:purchase_date:2017-03-11 13:10:02",
    "dummy:purchase_date:2017-07-13 07:00:39",
    "dummy:purchase_date:2017-08-11 21:11:12",
    "dummy:purchase_date:2017-05-17 19:55:38",
    "dummy:purchase_date:2017-05-18 18:14:07",
    "dummy:purchase_date:2017-07-11 17:19:02",
    "dummy:purchase_date:2017-05-03 18:04:56",
    "dummy:purchase_date:2017-05-28 12:14:30",
    "dummy:purchase_date:2017-02-13 15:17:51",
    "dummy:purchase_date:2017-08-08 14:39:30",
    "dummy:purchase_date:2017-04-26 18:40:20",
    "dummy:purchase_date:2017-02-17 19:42:03",
    "dummy:purchase_date:2017-03-06 21:59:57",
    "dummy:purchase_date:2017-05-26 15:05:48",
    "dummy:purchase_date:2017-07-21 12:32:43",
    "dummy:purchase_date:2017-07-11 23:19:37",
    "dummy:purchase_date:2017-05-04 11:21:47",
    "dummy:purchase_date:2017-07-22 12:14:30",
    "dummy:purchase_date:2017-06-08 21:10:19",
    "dummy:purchase_date:2017-07-27 18:10:45",
    "dummy:purchase_date:2017-07-03 17:00:53",
    "dummy:purchase_date:2017-07-22 14:46:36",
    "dummy:purchase_date:2017-07-30 19:20:19",
    "dummy:purchase_date:2017-08-02 14:34:11",
    "dummy:purchase_date:2017-08-12 17:45:15",
    "dummy:purchase_date:2017-05-10 17:15:16",
    "dummy:purchase_date:2017-06-14 18:33:17",
    "dummy:purchase_date:2017-06-12 18:34:47",
    "dummy:purchase_date:2017-05-01 12:08:01",
    "dummy:purchase_date:2017-06-02 13:06:55",
    "dummy:purchase_date:2017-08-05 14:22:07",
    "dummy:purchase_date:2017-06-05 11:57:04",
    "dummy:purchase_date:2017-08-11 19:59:37",
    "dummy:purchase_date:2017-03-07 22:15:45",
    "dummy:purchase_date:2017-03-27 20:34:30",
    "dummy:purchase_date:2017-08-06 09:37:39",
    "dummy:purchase_date:2017-06-13 12:49:47",
    "dummy:purchase_date:2017-07-26 14:19:48",
    "dummy:purchase_date:2017-05-28 13:19:08",
    "dummy:purchase_date:2017-05-21 11:03:21",
    "dummy:purchase_date:2017-05-05 12:25:18",
    "dummy:purchase_date:2017-05-31 20:42:27",
    "dummy:purchase_date:2017-07-06 17:59:07",
    "dummy:purchase_date:2017-08-02 15:00:59",
    "dummy:purchase_date:2017-07-07 18:19:11",
    "dummy:purchase_date:2017-07-21 12:41:09",
    "dummy:purchase_date:2017-03-17 15:54:38",
    "dummy:purchase_date:2017-07-11 08:00:11",
    "dummy:purchase_date:2017-07-30 11:16:57",
    "dummy:purchase_date:2017-04-14 15:09:21",
    "dummy:purchase_date:2017-08-03 19:11:24",
    "dummy:purchase_date:2017-07-20 18:35:11",
    "dummy:purchase_date:2017-07-22 16:04:47",
    "dummy:purchase_date:2017-08-05 14:56:09",
    "dummy:purchase_date:2017-08-11 08:44:56",
    "dummy:purchase_date:2017-07-14 11:06:56",
    "dummy:purchase_date:2017-02-28 16:40:47",
    "dummy:purchase_date:2017-06-03 16:08:17",
    "dummy:purchase_date:2017-06-09 09:07:33",
    "dummy:purchase_date:N/A",
    "dummy:purchase_date:__Others__"
  ],
  "classes": [
    "0",
    "1"
  ]
}