{
    "usedGridSearch": true, 
    "probaAware": true, 
    "gridSize": 2, 
    "rawImportance": {
        "variables": [
            "card_age", 
            "card_fico_score", 
            "card_latitude", 
            "card_longitude", 
            "merchant_cardholder_distance", 
            "merchant_category_id", 
            "merchant_latitude", 
            "merchant_longitude", 
            "purchase_amount", 
            "signature_provided", 
            "dummy:item_category:D", 
            "dummy:item_category:A", 
            "dummy:item_category:B", 
            "dummy:item_category:C", 
            "dummy:card_first_active_month:2016-12", 
            "dummy:card_first_active_month:2017-01", 
            "dummy:card_first_active_month:2016-11", 
            "dummy:card_first_active_month:2017-03", 
            "dummy:card_first_active_month:2017-02", 
            "dummy:card_first_active_month:2017-04", 
            "dummy:card_first_active_month:2017-05", 
            "dummy:card_first_active_month:2016-08", 
            "dummy:card_first_active_month:2016-10", 
            "dummy:card_first_active_month:2017-06", 
            "dummy:card_first_active_month:2016-07", 
            "dummy:card_first_active_month:2016-09", 
            "dummy:card_first_active_month:2016-06", 
            "dummy:card_first_active_month:2016-05", 
            "dummy:card_first_active_month:2017-07", 
            "dummy:card_first_active_month:2016-04", 
            "dummy:card_first_active_month:2015-12", 
            "dummy:card_first_active_month:2016-03", 
            "dummy:card_first_active_month:2016-02", 
            "dummy:card_first_active_month:2016-01", 
            "dummy:card_first_active_month:2015-11", 
            "dummy:card_first_active_month:2015-10", 
            "dummy:card_first_active_month:2015-08", 
            "dummy:card_first_active_month:2015-07", 
            "dummy:card_first_active_month:2015-09", 
            "dummy:card_first_active_month:2015-06", 
            "dummy:card_first_active_month:2015-05", 
            "dummy:card_first_active_month:2017-08", 
            "dummy:card_first_active_month:2015-04", 
            "dummy:card_first_active_month:2015-03", 
            "dummy:card_first_active_month:2014-07", 
            "dummy:card_first_active_month:2014-12", 
            "dummy:card_first_active_month:2015-01", 
            "dummy:card_first_active_month:2015-02", 
            "dummy:card_first_active_month:2014-11", 
            "dummy:card_first_active_month:2014-09", 
            "dummy:card_first_active_month:2014-05", 
            "dummy:card_first_active_month:2014-04", 
            "dummy:card_first_active_month:2014-10", 
            "dummy:card_first_active_month:2014-06", 
            "dummy:card_first_active_month:2014-08", 
            "dummy:card_first_active_month:2013-12", 
            "dummy:card_first_active_month:2014-03", 
            "dummy:card_first_active_month:2013-06", 
            "dummy:card_first_active_month:2013-11", 
            "dummy:card_first_active_month:2013-09", 
            "dummy:card_first_active_month:2014-02", 
            "dummy:card_first_active_month:2013-07", 
            "dummy:card_first_active_month:2013-10", 
            "dummy:card_first_active_month:2014-01", 
            "dummy:card_first_active_month:2013-05", 
            "dummy:card_first_active_month:2013-08", 
            "dummy:card_first_active_month:2013-03", 
            "dummy:card_first_active_month:2012-09", 
            "dummy:card_first_active_month:2012-05", 
            "dummy:card_first_active_month:2012-08", 
            "dummy:card_first_active_month:2012-10", 
            "dummy:card_first_active_month:2013-01", 
            "dummy:card_first_active_month:2012-04", 
            "dummy:card_first_active_month:2013-02", 
            "dummy:card_first_active_month:2017-09", 
            "dummy:card_first_active_month:2012-12", 
            "dummy:card_first_active_month:2011-11", 
            "dummy:card_first_active_month:2012-11", 
            "dummy:card_first_active_month:2013-04", 
            "dummy:card_first_active_month:2012-06", 
            "dummy:card_first_active_month:2012-07", 
            "dummy:card_first_active_month:2017-10", 
            "dummy:card_first_active_month:2012-02", 
            "dummy:card_first_active_month:2012-03", 
            "dummy:card_first_active_month:2017-11", 
            "dummy:card_id:C_ID_7a03fa69f9", 
            "dummy:card_id:C_ID_6ae9f40da5", 
            "dummy:card_id:C_ID_62698b6025", 
            "dummy:card_id:C_ID_06a3cf2fbe", 
            "dummy:card_id:C_ID_651d172f24", 
            "dummy:card_id:C_ID_d46616aa72", 
            "dummy:card_id:C_ID_5d3b2958a0", 
            "dummy:card_id:C_ID_003e56029c", 
            "dummy:card_id:C_ID_ff9b7366a8", 
            "dummy:card_id:C_ID_8f2110e34b", 
            "dummy:card_id:C_ID_ee9208af7b", 
            "dummy:card_id:C_ID_3b6a04a160", 
            "dummy:card_id:C_ID_1076351773", 
            "dummy:card_id:C_ID_ca63575e9c", 
            "dummy:card_id:C_ID_5a1fc7e2a0", 
            "dummy:card_id:C_ID_55f47d506e", 
            "dummy:card_id:C_ID_5fe9e680f5", 
            "dummy:card_id:C_ID_9008ffbef0", 
            "dummy:card_id:C_ID_b82983d452", 
            "dummy:card_id:C_ID_a6e856555f", 
            "dummy:card_id:C_ID_e8ba9b2566", 
            "dummy:card_id:C_ID_b306b7d34b", 
            "dummy:card_id:C_ID_91fac4f3a7", 
            "dummy:card_id:C_ID_272aa0597a", 
            "dummy:card_id:C_ID_3fbe822540", 
            "dummy:card_id:C_ID_97055db9a8", 
            "dummy:card_id:C_ID_b8296bde99", 
            "dummy:card_id:C_ID_44ec5a83ae", 
            "dummy:card_id:C_ID_d17119ccfc", 
            "dummy:card_id:C_ID_670dc497f6", 
            "dummy:card_id:C_ID_5a05c5bfbc", 
            "dummy:card_id:C_ID_007196111f", 
            "dummy:card_id:C_ID_4c90872428", 
            "dummy:card_id:C_ID_862a77fbf3", 
            "dummy:card_id:C_ID_7ebe1f53d9", 
            "dummy:card_id:C_ID_ef7e33744a", 
            "dummy:card_id:C_ID_c57808ae14", 
            "dummy:card_id:C_ID_3d7e0c9037", 
            "dummy:card_id:C_ID_31f353fbad", 
            "dummy:card_id:C_ID_82c046e8f8", 
            "dummy:card_id:C_ID_388e05ae42", 
            "dummy:card_id:C_ID_f4143f1e5b", 
            "dummy:card_id:C_ID_4464ba3204", 
            "dummy:card_id:C_ID_3a95a9e5e1", 
            "dummy:card_id:C_ID_d3e9668f74", 
            "dummy:card_id:C_ID_adafc22926", 
            "dummy:card_id:C_ID_ce43c4bc8e", 
            "dummy:card_id:C_ID_a03e09e54b", 
            "dummy:card_id:C_ID_cfda1b7fe6", 
            "dummy:card_id:C_ID_6ec3aa7c9f", 
            "dummy:card_id:C_ID_10c0f4fd42", 
            "dummy:card_id:C_ID_d18a9234a2", 
            "dummy:card_id:C_ID_e54aeb08f7", 
            "dummy:card_id:C_ID_a48bcef139", 
            "dummy:card_id:C_ID_4871cf1b81", 
            "dummy:card_id:C_ID_9e6b3e491a", 
            "dummy:card_id:C_ID_eab36be51c", 
            "dummy:card_id:C_ID_3227e2b41d", 
            "dummy:card_id:C_ID_edc36511d2", 
            "dummy:card_id:C_ID_94be784c25", 
            "dummy:card_id:C_ID_d67277bd53", 
            "dummy:card_id:C_ID_0f0da34586", 
            "dummy:card_id:C_ID_1627731112", 
            "dummy:card_id:C_ID_838146f9cd", 
            "dummy:card_id:C_ID_f2040a9440", 
            "dummy:card_id:C_ID_887de408dc", 
            "dummy:card_id:C_ID_8cd07898f0", 
            "dummy:card_id:C_ID_94d4d0f2c4", 
            "dummy:card_id:C_ID_a5d1fd5620", 
            "dummy:card_id:C_ID_f876daee2f", 
            "dummy:card_id:C_ID_cfabd8f145", 
            "dummy:card_id:C_ID_7069f8364b", 
            "dummy:card_id:C_ID_bdf0e76119", 
            "dummy:card_id:C_ID_9d0bef1bf6", 
            "dummy:card_id:C_ID_a540a65b69", 
            "dummy:card_id:C_ID_625591fd8b", 
            "dummy:card_id:C_ID_36310815ca", 
            "dummy:card_id:C_ID_1ae9f697df", 
            "dummy:card_id:C_ID_96c0bf2ed0", 
            "dummy:card_id:C_ID_8577fae389", 
            "dummy:card_id:C_ID_6ff425b8be", 
            "dummy:card_id:C_ID_4511a12cec", 
            "dummy:card_id:C_ID_485418d66a", 
            "dummy:card_id:C_ID_715c80a181", 
            "dummy:card_id:C_ID_17768e259a", 
            "dummy:card_id:C_ID_8db144f63e", 
            "dummy:card_id:C_ID_aa840c386e", 
            "dummy:card_id:C_ID_953b880f44", 
            "dummy:card_id:C_ID_4567186799", 
            "dummy:card_id:C_ID_af6b6e754b", 
            "dummy:card_id:C_ID_4d3a26f711", 
            "dummy:card_id:C_ID_117d90c4ce", 
            "dummy:card_id:C_ID_75e8916fc3", 
            "dummy:card_id:C_ID_47d2295a52", 
            "dummy:card_id:C_ID_d45298dee9", 
            "dummy:card_id:C_ID_98834447a4", 
            "dummy:card_id:C_ID_0f023c5680", 
            "dummy:card_id:C_ID_0c8b1c5aae", 
            "dummy:card_id:C_ID_8f68914de7", 
            "dummy:card_id:C_ID_7c2f4445cb", 
            "dummy:card_id:C_ID_a4b7f25186", 
            "dummy:card_id:__Others__", 
            "dummy:merchant_subsector_description:gas", 
            "dummy:merchant_subsector_description:consumer electronics", 
            "dummy:merchant_subsector_description:luxury goods", 
            "dummy:merchant_subsector_description:internet", 
            "dummy:merchant_subsector_description:insurance", 
            "dummy:merchant_subsector_description:restaurant/dining", 
            "dummy:merchant_subsector_description:groceries", 
            "dummy:merchant_subsector_description:gym", 
            "dummy:merchant_subsector_description:entertainment", 
            "dummy:merchant_subsector_description:carpentry", 
            "dummy:merchant_subsector_description:beauty & personal care", 
            "dummy:merchant_subsector_description:retail apparel", 
            "dummy:merchant_subsector_description:biotechnology", 
            "dummy:merchant_subsector_description:hotel", 
            "dummy:merchant_subsector_description:health care services", 
            "dummy:merchant_subsector_description:liquor", 
            "dummy:merchant_subsector_description:advertising services", 
            "dummy:merchant_subsector_description:real estate investments", 
            "dummy:merchant_subsector_description:semiconductors", 
            "dummy:merchant_subsector_description:tobacco", 
            "dummy:merchant_subsector_description:flights", 
            "dummy:merchant_subsector_description:news & journalism", 
            "dummy:merchant_subsector_description:pharmaceuticals", 
            "dummy:merchant_subsector_description:dental", 
            "dummy:merchant_subsector_description:misc entertainment", 
            "dummy:merchant_subsector_description:real estate services", 
            "dummy:merchant_subsector_description:magic cards", 
            "dummy:merchant_subsector_description:financial services", 
            "dummy:merchant_subsector_description:office supplies", 
            "dummy:merchant_subsector_description:utilities", 
            "dummy:merchant_subsector_description:phone bill", 
            "dummy:merchant_subsector_description:astrological services", 
            "dummy:merchant_subsector_description:adult industry", 
            "dummy:merchant_subsector_description:health care technology", 
            "dummy:merchant_subsector_description:professional photography", 
            "dummy:merchant_subsector_description:automobiles", 
            "dummy:merchant_subsector_description:education services", 
            "dummy:merchant_id:M_ID_00a6ca8a8a", 
            "dummy:merchant_id:M_ID_e5374dabc0", 
            "dummy:merchant_id:M_ID_fc7d7969c3", 
            "dummy:merchant_id:M_ID_f86439cec0", 
            "dummy:merchant_id:M_ID_98b342c0e3", 
            "dummy:merchant_id:M_ID_26d4fadb60", 
            "dummy:merchant_id:M_ID_82a30d9203", 
            "dummy:merchant_id:M_ID_2637773dd2", 
            "dummy:merchant_id:M_ID_445742726b", 
            "dummy:merchant_id:M_ID_6f274b9340", 
            "dummy:merchant_id:M_ID_b9dcf28cb9", 
            "dummy:merchant_id:M_ID_48257bb851", 
            "dummy:merchant_id:M_ID_deb43ff012", 
            "dummy:merchant_id:M_ID_940fb4498f", 
            "dummy:merchant_id:M_ID_b5b80addf5", 
            "dummy:merchant_id:M_ID_820c7b73c8", 
            "dummy:merchant_id:M_ID_1ac6bbc867", 
            "dummy:merchant_id:M_ID_77e2942cd8", 
            "dummy:merchant_id:M_ID_59764e8cb1", 
            "dummy:merchant_id:M_ID_5e8220e564", 
            "dummy:merchant_id:M_ID_d86b8cc0eb", 
            "dummy:merchant_id:M_ID_3111c6df35", 
            "dummy:merchant_id:M_ID_9e84cda3b1", 
            "dummy:merchant_id:M_ID_d8e0d42e4b", 
            "dummy:merchant_id:M_ID_a9d91682ad", 
            "dummy:merchant_id:M_ID_f416f2710c", 
            "dummy:merchant_id:M_ID_1691e83915", 
            "dummy:merchant_id:M_ID_548f18cdd2", 
            "dummy:merchant_id:M_ID_d96a11b2df", 
            "dummy:merchant_id:M_ID_86ec983688", 
            "dummy:merchant_id:M_ID_ca4d18b336", 
            "dummy:merchant_id:M_ID_3f3084da59", 
            "dummy:merchant_id:M_ID_b1fc88154d", 
            "dummy:merchant_id:M_ID_a08fe74b06", 
            "dummy:merchant_id:M_ID_ee75252e6a", 
            "dummy:merchant_id:M_ID_ba1ce2074b", 
            "dummy:merchant_id:M_ID_522bd82b6f", 
            "dummy:merchant_id:M_ID_3f897c07d9", 
            "dummy:merchant_id:M_ID_ec24d672a3", 
            "dummy:merchant_id:M_ID_c355870ab2", 
            "dummy:merchant_id:M_ID_c0e83eea18", 
            "dummy:merchant_id:M_ID_7f9f2e39ec", 
            "dummy:merchant_id:M_ID_3056b5cb36", 
            "dummy:merchant_id:M_ID_b9f9332438", 
            "dummy:merchant_id:M_ID_ac78c7d82a", 
            "dummy:merchant_id:M_ID_aa91fc5309", 
            "dummy:merchant_id:M_ID_3f644b8667", 
            "dummy:merchant_id:M_ID_19171c737a", 
            "dummy:merchant_id:M_ID_77197a9b5e", 
            "dummy:merchant_id:M_ID_35baecb1f2", 
            "dummy:merchant_id:M_ID_f1480cd2d8", 
            "dummy:merchant_id:M_ID_c1a7024db1", 
            "dummy:merchant_id:M_ID_fd1f12c3f8", 
            "dummy:merchant_id:M_ID_2c049b075c", 
            "dummy:merchant_id:M_ID_ccd0d5871d", 
            "dummy:merchant_id:M_ID_f0400371aa", 
            "dummy:merchant_id:M_ID_d2897279e5", 
            "dummy:merchant_id:M_ID_06373fb834", 
            "dummy:merchant_id:M_ID_183cdc29e4", 
            "dummy:merchant_id:M_ID_291c045ffd", 
            "dummy:merchant_id:M_ID_620909e2a7", 
            "dummy:merchant_id:M_ID_8780293e82", 
            "dummy:merchant_id:M_ID_e844ab50e8", 
            "dummy:merchant_id:M_ID_97f0959810", 
            "dummy:merchant_id:M_ID_29ec8d2ab8", 
            "dummy:merchant_id:M_ID_001d92b649", 
            "dummy:merchant_id:M_ID_6464db3b45", 
            "dummy:merchant_id:M_ID_4e461f7e14", 
            "dummy:merchant_id:M_ID_6cb0602e94", 
            "dummy:merchant_id:M_ID_a30d553adf", 
            "dummy:merchant_id:M_ID_e27d4bbe57", 
            "dummy:merchant_id:M_ID_309752ddea", 
            "dummy:merchant_id:M_ID_cc72dac895", 
            "dummy:merchant_id:M_ID_8fcb16a959", 
            "dummy:merchant_id:M_ID_5acc84335e", 
            "dummy:merchant_id:M_ID_004995eae1", 
            "dummy:merchant_id:M_ID_ff41dc3e35", 
            "dummy:merchant_id:M_ID_f40ccc1312", 
            "dummy:merchant_id:M_ID_c6ffe460d4", 
            "dummy:merchant_id:M_ID_dfcf66c65e", 
            "dummy:merchant_id:M_ID_17511eed62", 
            "dummy:merchant_id:M_ID_8450b55d77", 
            "dummy:merchant_id:M_ID_c8f44ec011", 
            "dummy:merchant_id:M_ID_eeba6b925d", 
            "dummy:merchant_id:M_ID_f9b32cfc49", 
            "dummy:merchant_id:M_ID_ad49138777", 
            "dummy:merchant_id:M_ID_d28ecbaaa7", 
            "dummy:merchant_id:M_ID_d13262f4b0", 
            "dummy:merchant_id:M_ID_ea3e266c07", 
            "dummy:merchant_id:M_ID_eadef5a95f", 
            "dummy:merchant_id:M_ID_ddb2f16951", 
            "dummy:merchant_id:M_ID_076cd8a829", 
            "dummy:merchant_id:M_ID_f4be79819d", 
            "dummy:merchant_id:M_ID_384ffe1bef", 
            "dummy:merchant_id:M_ID_7064a8aa68", 
            "dummy:merchant_id:M_ID_9dbbaabb0a", 
            "dummy:merchant_id:M_ID_b5e5acf804", 
            "dummy:merchant_id:M_ID_1e1f6cc067", 
            "dummy:merchant_id:M_ID_42846e7bc8", 
            "dummy:merchant_id:M_ID_f9263abc91", 
            "dummy:merchant_id:M_ID_4852daada8", 
            "dummy:merchant_id:__Others__", 
            "dummy:card_reward_program:cash_back", 
            "dummy:card_reward_program:travel", 
            "dummy:card_reward_program:dining_entertainment", 
            "dummy:purchase_date:2017-03-09 17:22:00", 
            "dummy:purchase_date:2017-07-27 16:22:37", 
            "dummy:purchase_date:2017-04-12 18:27:00", 
            "dummy:purchase_date:2017-07-26 17:59:43", 
            "dummy:purchase_date:2017-04-29 12:25:54", 
            "dummy:purchase_date:2017-07-10 08:19:18", 
            "dummy:purchase_date:2017-05-19 19:41:49", 
            "dummy:purchase_date:2017-07-14 14:04:37", 
            "dummy:purchase_date:2017-07-17 13:18:59", 
            "dummy:purchase_date:2017-03-07 23:31:56", 
            "dummy:purchase_date:2017-07-07 15:43:35", 
            "dummy:purchase_date:2017-06-16 12:18:47", 
            "dummy:purchase_date:2017-04-16 19:05:12", 
            "dummy:purchase_date:2017-04-29 12:54:28", 
            "dummy:purchase_date:2017-07-06 13:41:28", 
            "dummy:purchase_date:2017-06-29 15:15:03", 
            "dummy:purchase_date:2017-05-31 13:11:19", 
            "dummy:purchase_date:2017-07-14 12:59:19", 
            "dummy:purchase_date:2017-08-01 12:11:53", 
            "dummy:purchase_date:2017-03-17 16:05:17", 
            "dummy:purchase_date:2017-08-08 13:30:11", 
            "dummy:purchase_date:2017-03-11 13:10:02", 
            "dummy:purchase_date:2017-05-17 19:55:38", 
            "dummy:purchase_date:2017-05-18 18:14:07", 
            "dummy:purchase_date:2017-05-03 18:04:56", 
            "dummy:purchase_date:2017-05-28 12:14:30", 
            "dummy:purchase_date:2017-02-13 15:17:51", 
            "dummy:purchase_date:2017-04-26 18:40:20", 
            "dummy:purchase_date:2017-02-17 19:42:03", 
            "dummy:purchase_date:2017-05-26 15:05:48", 
            "dummy:purchase_date:2017-07-21 12:32:43", 
            "dummy:purchase_date:2017-07-22 12:14:30", 
            "dummy:purchase_date:2017-06-08 21:10:19", 
            "dummy:purchase_date:2017-07-22 14:46:36", 
            "dummy:purchase_date:2017-08-02 14:34:11", 
            "dummy:purchase_date:2017-05-10 17:15:16", 
            "dummy:purchase_date:2017-06-14 18:33:17", 
            "dummy:purchase_date:2017-08-05 14:22:07", 
            "dummy:purchase_date:2017-06-05 11:57:04", 
            "dummy:purchase_date:2017-08-11 19:59:37", 
            "dummy:purchase_date:2017-03-27 20:34:30", 
            "dummy:purchase_date:2017-05-21 11:03:21", 
            "dummy:purchase_date:2017-05-31 20:42:27", 
            "dummy:purchase_date:2017-08-02 15:00:59", 
            "dummy:purchase_date:2017-07-21 12:41:09", 
            "dummy:purchase_date:2017-03-17 15:54:38", 
            "dummy:purchase_date:2017-07-30 11:16:57", 
            "dummy:purchase_date:2017-04-14 15:09:21", 
            "dummy:purchase_date:2017-08-03 19:11:24", 
            "dummy:purchase_date:2017-07-22 16:04:47", 
            "dummy:purchase_date:2017-08-05 14:56:09", 
            "dummy:purchase_date:2017-08-11 08:44:56", 
            "dummy:purchase_date:2017-07-14 11:06:56", 
            "dummy:purchase_date:2017-06-09 09:07:33", 
            "dummy:purchase_date:__Others__"
        ], 
        "importances": [
            0.08907307112764772, 
            0.03227478990259164, 
            0.020881309164959845, 
            0.024675003137959006, 
            0.08823916667978347, 
            0.03064347111307239, 
            0.021766106695657535, 
            0.03289250230061125, 
            0.06472757200770536, 
            0.10623605395409251, 
            0.018482362334526117, 
            0.008984265620033903, 
            0.012255364256905045, 
            0.01345174904362875, 
            0.0024029999893162217, 
            0.0021471932234201595, 
            0.0025475626312042128, 
            0.0019434163244990343, 
            0.002908099330799893, 
            0.002260390855677724, 
            0.002101436704138696, 
            0.002363715640369767, 
            0.0018981551709652865, 
            0.001463767507623433, 
            0.0015882000979870806, 
            0.0016444528719350463, 
            0.0015266369028390596, 
            0.0019938956649599255, 
            0.0013214106532208087, 
            0.0012626700983161853, 
            0.0011852644466022804, 
            0.0010370210479418484, 
            0.0007792979423552149, 
            0.0008834667860945464, 
            0.0007535409814591346, 
            0.0008576317853487355, 
            0.0010626741074587977, 
            0.0009289228681926191, 
            0.0008119940977705059, 
            0.000709643037969506, 
            0.0008795006715666994, 
            0.0012386416399527084, 
            0.00036141378687771055, 
            0.0003057544903350028, 
            0.0008157764528571067, 
            0.0006985806430496261, 
            0.000323918730745924, 
            0.0005240525164988052, 
            0.0004988674094557386, 
            0.0002998244945925652, 
            0.00041196908501815277, 
            0.00019130433207687543, 
            0.0004106948057909552, 
            0.0002055266892140167, 
            0.0004832870285740245, 
            0.00017787186879608295, 
            0.00030419908246628, 
            9.142585431960353e-05, 
            0.00014082086405247483, 
            5.8974209178079814e-05, 
            5.307507739559516e-05, 
            7.921326482759781e-05, 
            0.00011626310392364891, 
            6.437522944889446e-05, 
            9.548456999787053e-05, 
            0.00011000139510023064, 
            3.414020089423632e-05, 
            4.023200531760231e-05, 
            1.2508072959033662e-05, 
            3.36052411587399e-05, 
            1.8861265802142335e-05, 
            5.2610359049049445e-06, 
            1.080554635881707e-05, 
            3.317676795367602e-05, 
            0.0008448070392180702, 
            6.784152274086586e-05, 
            8.708367903537119e-07, 
            8.794814447884466e-06, 
            5.35041928942257e-06, 
            3.486381639152614e-05, 
            2.0992717507234637e-06, 
            9.552658728243305e-05, 
            1.906193451520366e-06, 
            2.8618896164565356e-06, 
            5.60826741826401e-05, 
            0.00014761989154107077, 
            0.00017343229847821922, 
            0.00012654990906779738, 
            0.000177425120476739, 
            0.00013927773999193347, 
            7.488701384804646e-05, 
            8.770762081848042e-05, 
            7.341211495405902e-05, 
            1.8060164928051064e-05, 
            4.092432440642022e-05, 
            2.724397946043562e-05, 
            8.81137820571617e-05, 
            0.003186284384520439, 
            4.613939600932018e-05, 
            0.00010844774622459824, 
            2.078703589354317e-05, 
            0.0002525843875482296, 
            0.00014251127966255156, 
            2.6204165181626053e-05, 
            1.6854544397982824e-05, 
            1.9029055900803297e-05, 
            2.594929879569753e-05, 
            0.0001497394072687464, 
            2.838531947113733e-05, 
            4.124096977498801e-05, 
            9.182912958637172e-05, 
            3.9665838104590484e-06, 
            4.096133035160892e-05, 
            1.3720157608994746e-05, 
            1.4667940904294143e-05, 
            2.312254790543089e-05, 
            3.233172748395888e-05, 
            5.8882518329266806e-05, 
            3.078301294795823e-05, 
            2.7579948364681505e-05, 
            6.355306751472517e-05, 
            1.1476094916460252e-05, 
            1.0406375593362864e-05, 
            1.1463007854945334e-05, 
            3.852663002676747e-05, 
            5.5404408879412445e-05, 
            3.727514182298735e-05, 
            1.9951614967763185e-05, 
            1.6364933168978875e-05, 
            6.384120896811718e-05, 
            1.2618305464400234e-05, 
            2.8028830535742448e-05, 
            3.5563019948118595e-05, 
            4.000544436909027e-05, 
            6.113173086011915e-05, 
            0.00010108816815221415, 
            3.468450602954955e-05, 
            4.2861341919728115e-05, 
            0.0001751834814463118, 
            9.537100913388396e-06, 
            3.333784945541662e-05, 
            1.3222612567378715e-05, 
            4.8681628706072436e-05, 
            2.219186122471346e-05, 
            4.280017305141162e-05, 
            2.2691466286469743e-05, 
            6.222206477528118e-05, 
            1.7399168031128386e-05, 
            2.5210004729529035e-05, 
            2.996228725633726e-05, 
            2.4651061553856144e-05, 
            1.4044731158189379e-05, 
            0.00011704482337030129, 
            4.002036942692242e-05, 
            3.043855933280465e-05, 
            9.635254833814586e-06, 
            5.884005266703515e-05, 
            3.3052591115567134e-05, 
            2.3069104941127303e-05, 
            2.6938636207879614e-05, 
            2.253046789212921e-05, 
            3.379065924918583e-05, 
            1.0849140738826096e-05, 
            1.2316331701951871e-05, 
            4.9943996938706304e-05, 
            0.0001371994691383375, 
            8.858109706568156e-06, 
            0.00014781038952672127, 
            2.8800555784483352e-05, 
            4.3981799996071935e-05, 
            1.2660714228041021e-05, 
            7.732686574365105e-06, 
            8.930991337987727e-06, 
            2.1298003691400503e-05, 
            4.615766908721395e-05, 
            2.357445558307146e-05, 
            1.8593943164245915e-05, 
            1.5324067497297506e-05, 
            3.863469520443978e-05, 
            4.078718940764319e-05, 
            0.00011041440353884981, 
            6.604529318804607e-05, 
            2.2263083435404046e-05, 
            5.9556266071569633e-05, 
            8.870422569205064e-06, 
            5.58266689102315e-05, 
            0.0027278650287225607, 
            0.003714588994129846, 
            0.010545104916403087, 
            0.024696828221127065, 
            0.013885556885291554, 
            0.01307761164817583, 
            0.057685222153523806, 
            0.04888270937760918, 
            0.0007461855721929487, 
            0.04292005980596591, 
            0.02103190582440165, 
            0.014396140933217734, 
            0.012789730325563874, 
            0.006144793145644562, 
            0.0050967011814440355, 
            0.0036591560175463157, 
            0.0021697278166126115, 
            0.003136665084499722, 
            0.0024428469435163512, 
            0.0014238837922267275, 
            0.0017000345934360197, 
            0.0011226899971155595, 
            0.0010835035123421923, 
            0.0004764148705240707, 
            0.0001301625696197497, 
            0.0005788705503431546, 
            0.0001314003276365989, 
            0.0003546697698337054, 
            0.00019956051764646383, 
            6.689567381093115e-06, 
            3.2863462922184337e-06, 
            6.401574496796654e-06, 
            1.901076004951608e-05, 
            3.409894715031497e-05, 
            8.37388862348921e-06, 
            3.3954040985191244e-06, 
            1.2108145847582463e-05, 
            1.8109978643153737e-05, 
            0.0007341816318568594, 
            0.0009981289652243055, 
            0.01661293848516268, 
            0.0002381876330240596, 
            0.0003499631175457121, 
            0.0004671633485813735, 
            0.0002534168081950914, 
            0.00046480972301090424, 
            0.008300788419889321, 
            0.002755710545482926, 
            0.0006486098499208677, 
            0.0004538556389789502, 
            0.00018514833728488123, 
            0.00015636177541671322, 
            0.0002506538475262219, 
            0.00019829113635713765, 
            0.0003045067066593363, 
            0.0001740057865985202, 
            0.0002444460905473292, 
            0.0004907951933746438, 
            9.598549331006101e-05, 
            0.004416765543679585, 
            0.0038256254218955073, 
            0.0001290118788700364, 
            0.00013427728643335466, 
            0.00016131771185375535, 
            0.0010609483702231305, 
            0.0002426268912848124, 
            8.256543338752951e-05, 
            0.00025205967040146287, 
            0.00025862346752713125, 
            0.0001924593043384517, 
            0.0003273156216705684, 
            6.973961892693067e-05, 
            8.439985918526839e-05, 
            0.00011503464144282097, 
            4.386789106311466e-05, 
            0.00011421208103254258, 
            0.00016090970339933106, 
            5.154794617029752e-05, 
            8.854779418576134e-05, 
            0.00010507742493288879, 
            0.00012644176303426945, 
            0.0020551108083190555, 
            0.00017005862360778748, 
            0.00024261884445900657, 
            0.00014100321157534164, 
            0.0008992511332635506, 
            4.7119192667915395e-05, 
            0.00011462904233436398, 
            0.00012969656238015785, 
            0.00012011811816968997, 
            0.00015999801426333168, 
            0.0003667989750388538, 
            9.505145521245281e-05, 
            0.0001476445907047967, 
            0.00011455463639889024, 
            0.00012961191972906652, 
            8.827507530126893e-05, 
            8.117968675670832e-05, 
            0.0004947788188304013, 
            0.00011291561009839375, 
            8.360530450461129e-05, 
            0.00017477082890318622, 
            0.00018033598391946573, 
            8.297833454317055e-05, 
            0.00015247207211116175, 
            0.0001529308571234912, 
            6.606355070746658e-05, 
            1.2254568398301228e-05, 
            0.000153710448248666, 
            0.00023394345604901132, 
            0.00014631469860327623, 
            0.00019478232594814397, 
            0.00014934038060643705, 
            0.00020659739563889015, 
            0.00020362203469434514, 
            0.00014529656174576606, 
            0.00017913102837094672, 
            2.844271936827637e-05, 
            9.52904715679879e-05, 
            0.0001012691728858561, 
            0.00013274974414030278, 
            7.411305135020064e-05, 
            0.00011056678187326416, 
            9.925329257977195e-05, 
            0.00026405808105373947, 
            5.791739916258306e-05, 
            0.000338470174894996, 
            0.00012976957018569378, 
            0.00025344087812320865, 
            8.727949606607644e-05, 
            5.101524001159934e-05, 
            0.0001732525913703753, 
            0.0001121899004421394, 
            0.0011027963832896687, 
            8.45666717287779e-05, 
            9.456390334330445e-05, 
            0.000278394414305957, 
            0.00010467226228440976, 
            9.012184978392382e-05, 
            0.009703702093649453, 
            0.0038646303222847384, 
            0.0032483314363168448, 
            0.003236337565902716, 
            9.182343327091516e-06, 
            1.459257962871614e-05, 
            5.827062419088653e-05, 
            5.882660986353626e-05, 
            2.1214907974742143e-06, 
            3.36850475998236e-08, 
            3.304924927471776e-06, 
            3.893509465359793e-07, 
            1.5118597044442258e-06, 
            7.169648782191272e-07, 
            4.410126012209278e-09, 
            5.796815618432001e-07, 
            5.0828900775132145e-08, 
            7.664343627137842e-05, 
            2.1323914287979423e-07, 
            1.8739361836939028e-06, 
            2.1272658393263967e-06, 
            2.338307884649066e-06, 
            8.580328112370107e-09, 
            9.330294325781712e-10, 
            8.629089842588684e-09, 
            3.1032408378269684e-06, 
            2.033287598451585e-06, 
            1.3306291656252916e-08, 
            2.2521120286796165e-06, 
            9.26551153337632e-08, 
            1.2346181099039342e-06, 
            5.1455199293677285e-09, 
            3.8777120819917977e-07, 
            1.5501750796755885e-06, 
            2.862973504921727e-07, 
            3.0912890015434226e-07, 
            8.560088730574633e-07, 
            5.887694673789672e-07, 
            3.862582487074855e-06, 
            4.311571492907705e-05, 
            4.957932876263927e-06, 
            4.949023689366894e-09, 
            1.9303874215668297e-07, 
            3.070059004237211e-05, 
            2.7640652469521753e-05, 
            8.779956871232817e-08, 
            8.170963606750066e-07, 
            1.4656555744500293e-05, 
            9.599407725631031e-06, 
            1.4148251382344857e-05, 
            5.840354265035673e-08, 
            2.5772372431321317e-05, 
            1.6412313945195735e-05, 
            2.719670655808936e-06, 
            0.00015476449664193049, 
            2.8609917652106606e-07, 
            3.6307640181806604e-08, 
            3.889777354884614e-06, 
            0.00036112868279341946
        ]
    }, 
    "modelInputNRows": 79912, 
    "modelInputNCols": 444, 
    "modelInputMemory": 283847424, 
    "gridCells": [
        {
            "scoreTimeStd": 0.5089501176168665, 
            "scoreTime": 7.780666666666667, 
            "fitTime": 35.556, 
            "score": 0.7456715737862124, 
            "params": {
                "max_features": "auto", 
                "n_estimators": 100, 
                "min_samples_split": 3, 
                "max_depth": 6, 
                "min_samples_leaf": 1
            }, 
            "fitTimeStd": 1.0941197375059093, 
            "scoreStd": 0.00954592369029538
        }, 
        {
            "scoreTimeStd": 2.3338715093642626, 
            "scoreTime": 4.747666666666667, 
            "fitTime": 33.68266666666666, 
            "score": 0.7530875341845011, 
            "params": {
                "max_features": "auto", 
                "n_estimators": 100, 
                "min_samples_split": 3, 
                "max_depth": 14, 
                "min_samples_leaf": 1
            }, 
            "fitTimeStd": 11.795598397519118, 
            "scoreStd": 0.0099386658411085
        }
    ], 
    "gridBestScore": 0.7530875341845011, 
    "modelInputIsSparse": false
}