{
  "state": "DONE",
  "preSearchDescription": {
    "gridLength": 2,
    "searchStrategy": "GRID",
    "importantParams": [
      {
        "name": "trees",
        "vals": [
          "100"
        ]
      },
      {
        "name": "depth",
        "vals": [
          "6",
          "14"
        ]
      },
      {
        "name": "min_samples",
        "vals": [
          "1"
        ]
      }
    ]
  },
  "postSearchDescription": {
    "importantParams": [
      {
        "name": "trees",
        "val": "100"
      },
      {
        "name": "depth",
        "val": "14"
      },
      {
        "name": "min_samples",
        "val": "1"
      }
    ]
  },
  "resumed": false,
  "timeOrderingEnabled": false,
  "sampleWeightsEnabled": false,
  "modelId": "m1",
  "progress": {
    "top_level_todo": [],
    "stack": [],
    "top_level_done": [
      {
        "name": "Loading train set",
        "time": 779
      },
      {
        "name": "Loading test set",
        "time": 237
      },
      {
        "name": "Collecting statistics",
        "time": 522
      },
      {
        "name": "Preprocessing train set",
        "time": 513
      },
      {
        "name": "Preprocessing test set",
        "time": 164
      },
      {
        "name": "Hyperparameter searching",
        "time": 73331
      },
      {
        "name": "Fitting model",
        "time": 23038
      },
      {
        "name": "Saving model",
        "time": 73
      },
      {
        "name": "Scoring model",
        "time": 8432
      }
    ]
  },
  "startTime": 1612829864843,
  "endTime": 1612829994127,
  "preprocessingTime": 2221,
  "trainingTime": 127063,
  "hyperparamsSearchTime": 73331
}