{
  "connections": {
    "filesystem_managed": {
      "params": {
        "root": "${dip.home}/managed_datasets",
        "forcePathsOnDatasetsImport": true,
        "dkuProperties": [],
        "namingRule": {}
      },
      "type": "Filesystem",
      "allowWrite": true,
      "allowManagedDatasets": true,
      "allowManagedFolders": false,
      "useGlobalProxy": true,
      "maxActivities": 0,
      "customFields": {},
      "credentialsMode": "GLOBAL",
      "customBasicConnectionCredentialProviderParams": [],
      "usableBy": "ALL",
      "allowedGroups": [],
      "detailsReadability": {
        "readableBy": "NONE",
        "allowedGroups": []
      },
      "indexingSettings": {
        "indexIndices": false,
        "indexForeignKeys": false,
        "indexSystemTables": false
      }
    },
    "filesystem_folders": {
      "params": {
        "root": "${dip.home}/managed_folders",
        "forcePathsOnDatasetsImport": true,
        "dkuProperties": [],
        "namingRule": {}
      },
      "type": "Filesystem",
      "allowWrite": true,
      "allowManagedDatasets": false,
      "allowManagedFolders": true,
      "useGlobalProxy": true,
      "maxActivities": 0,
      "customFields": {},
      "credentialsMode": "GLOBAL",
      "customBasicConnectionCredentialProviderParams": [],
      "usableBy": "ALL",
      "allowedGroups": [],
      "detailsReadability": {
        "readableBy": "NONE",
        "allowedGroups": []
      },
      "indexingSettings": {
        "indexIndices": false,
        "indexForeignKeys": false,
        "indexSystemTables": false
      }
    },
    "mongo-fraud-demo": {
      "params": {
        "useURI": true,
        "uri": "mongodb://root:example@mongo:27017/fraud_demo?authSource\u003dadmin",
        "host": "mongo",
        "user": "dataiku",
        "password": "e:AES:X2:lNYQQUVMW8DU8xRF4Cvl6W/FCYd1yJL7m45TT4ULKpQBCZMH2CwO9scU6cdkUIEOy8mcYoRJGw\u003d\u003d",
        "db": "fraud-demo",
        "port": 27017
      },
      "type": "MongoDB",
      "creationTag": {
        "versionNumber": 0,
        "lastModifiedBy": {
          "login": "admin"
        },
        "lastModifiedOn": 1612829602570
      },
      "allowWrite": true,
      "allowManagedDatasets": true,
      "allowManagedFolders": false,
      "useGlobalProxy": false,
      "maxActivities": 0,
      "customFields": {},
      "credentialsMode": "GLOBAL",
      "customBasicConnectionCredentialProviderParams": [],
      "usableBy": "ALL",
      "allowedGroups": [],
      "detailsReadability": {
        "readableBy": "NONE",
        "allowedGroups": []
      },
      "indexingSettings": {
        "indexIndices": false,
        "indexForeignKeys": false,
        "indexSystemTables": false
      }
    },
    "filesystem_root": {
      "params": {
        "root": "/",
        "forcePathsOnDatasetsImport": true,
        "dkuProperties": [],
        "namingRule": {}
      },
      "type": "Filesystem",
      "allowWrite": false,
      "allowManagedDatasets": false,
      "allowManagedFolders": true,
      "useGlobalProxy": true,
      "maxActivities": 0,
      "customFields": {},
      "credentialsMode": "GLOBAL",
      "customBasicConnectionCredentialProviderParams": [],
      "usableBy": "ALL",
      "allowedGroups": [],
      "detailsReadability": {
        "readableBy": "NONE",
        "allowedGroups": []
      },
      "indexingSettings": {
        "indexIndices": false,
        "indexForeignKeys": false,
        "indexSystemTables": false
      }
    }
  }
}