{
  "udr": true,
  "npsSurveyEnabled": true,
  "dropDataWithDatasetDeleteEnabled": false,
  "proxySettings": {
    "port": 0
  },
  "mailSettings": {},
  "maxRunningActivitiesPerJob": 5,
  "maxRunningActivities": 5,
  "maxRunningActivitiesPerKey": [],
  "ldapSettings": {
    "enabled": false,
    "useTls": false,
    "userFilter": "(\u0026(objectClass\u003dposixAccount)(uid\u003d{USERNAME}))",
    "displayNameAttribute": "cn",
    "emailAttribute": "mail",
    "enableGroups": true,
    "groupFilter": "(\u0026(objectClass\u003dposixGroup)(memberUid\u003d{USERNAME}))",
    "groupNameAttribute": "cn",
    "autoImportUsers": true,
    "defaultUserProfile": "READER",
    "groupProfiles": []
  },
  "ssoSettings": {
    "enabled": false,
    "protocol": "SAML",
    "remappingRules": [],
    "spnegoMode": "PREAUTH_KEYTAB",
    "spnegoStripRealm": true
  },
  "computablesAvailabilityMode": "EXPOSED_ONLY",
  "globalCrossProjectBuildBehaviour": "STOP_AT_BOUNDARIES",
  "noLoginMode": false,
  "sparkSettings": {
    "sparkEnabled": false,
    "additionalSparkSubmitJars": [],
    "environmentVariables": [],
    "executionConfigsGenericOverrides": [],
    "executionConfigs": [],
    "configForJupyter": "default",
    "configForSEK": "default",
    "configForInteractive": "default",
    "useNativeProcessors": false,
    "engineCreationSettings": {
      "executionEngine": "SPARK_SUBMIT",
      "useGlobalMetastore": false
    },
    "yarnClusterSettings": {},
    "databricksSettings": {
      "enabled": false,
      "credentialsMode": "GLOBAL",
      "uploadSettings": {
        "unsafeDirectUploadToDBFS": false
      },
      "userSpecificClusters": false,
      "jdbcPathMidfix": "0"
    },
    "livy": {
      "enabled": false,
      "useURL": false,
      "protocol": "HTTP",
      "host": "127.0.0.1",
      "port": 8998,
      "auth": "NONE",
      "useYarnCluster": true,
      "fetchSize": 1000,
      "connectionProperties": [],
      "blacklistedProperties": "spark.master,spark.submit.deployMode,spark.yarn.jar,spark.yarn.jars,spark.yarn.archive,livy.rsc.server.idle-timeout",
      "additionalUserToGrantAccessToWhenImpersonating": "livy"
    }
  },
  "containerSettings": {
    "executionConfigs": [],
    "defaultWebappsK8SExposition": {
      "type": "port_forward",
      "params": {}
    },
    "executionConfigsGenericOverrides": {
      "properties": [],
      "usableBy": "ALL",
      "allowedGroups": [],
      "dockerNetwork": "host",
      "dockerResources": [],
      "kubernetesResources": {
        "memRequestMB": -1,
        "memLimitMB": -1,
        "cpuRequest": -1.0,
        "cpuLimit": -1.0,
        "customLimits": [],
        "customRequests": []
      },
      "hostPathVolumes": [],
      "isFinal": false,
      "ensureNamespaceCompliance": false,
      "createNamespace": false,
      "baseImageType": "EXEC",
      "prePushMode": "NONE",
      "dockerTLSVerify": false
    }
  },
  "k8sPoliciesSettings": {
    "policies": []
  },
  "isAWSMarketplace": false,
  "generateInitialPassword": false,
  "pluginDevExplicitCommit": false,
  "customFieldsPluginComponentOrder": [],
  "customPolicyHooksPluginComponentOrder": [],
  "metastoreCatalogsSettings": {
    "synchronizeTo": {
      "flavor": "HIVESERVER2",
      "glueCredentialsMode": "DEFAULT"
    }
  },
  "hadoopSettings": {
    "kerberosLoginEnabled": false,
    "extraConf": [],
    "validationKernelsExtraEnv": []
  },
  "hiveSettings": {
    "enabled": true,
    "engineCreationSettings": {
      "executionEngine": "HIVESERVER2"
    },
    "overrideDatabaseInLocalMetastore": false,
    "hiveServer2Host": "127.0.0.1",
    "hiveServer2Port": 10000,
    "connectionProperties": [],
    "additionalUserToGrantAccessToWhenImpersonating": "hive",
    "addWriteACLOnDataUsabilityACL": false,
    "preCreateManagedDatasetFolderBeforeMetastoreSyncForHS2Recipes": true,
    "preCreateManagedDatasetFolderBeforeMetastoreSyncForMUSHS2Recipes": false,
    "addCompressionCommands": false,
    "executionConfigsGenericOverrides": [],
    "executionConfigs": [],
    "useURL": false,
    "canChart": false,
    "configForHiveRuntime": "default"
  },
  "impalaSettings": {
    "enabled": false,
    "useSimbaDriver": false,
    "authBehavior": "KERBEROS_FALLBACK_NOAUTH",
    "credentialsMode": "GLOBAL",
    "useSsl": false,
    "isSelfSigned": false,
    "datanodes": [],
    "port": 21050,
    "preCreateManagedDatasetFolderBeforeMetastoreSyncForDirectWriteRecipes": true,
    "additionalUserToGrantAccessToWhenImpersonating": "impala",
    "useURL": false,
    "connectionProperties": [],
    "engineCreationSettings": {
      "streamMode": true
    }
  },
  "security": {
    "hideVersionStringsWhenNotLogged": false,
    "hideErrorStacks": false,
    "secureCookies": false,
    "secureSecretKeys": true,
    "sessionsMaxTotalTimeMinutes": 0,
    "sessionsMaxIdleTimeMinutes": 0,
    "forceSingleSessionPerUser": false,
    "restrictUsersAndGroupsVisibility": false,
    "caseSensitiveLogins": true,
    "webappsIsolationMode": "NONE",
    "restrictEasterEggsEvenForAdmin": false,
    "postLogoutBehavior": "LOGGED_OUT_PAGE"
  },
  "webAppSecuritySettings": {
    "requiredAuthenticationMode": "ALL_BUT_ADMIN_WHITELIST",
    "requiredAuthenticationWhitelist": [],
    "vanityURLs": [],
    "disableAccessToken": false,
    "accessTokenWhitelist": []
  },
  "debounceDelayForWikiArticleSave": 300000,
  "apiDeployerClientSettings": {
    "mode": "LOCAL"
  },
  "apiDeployerServerSettings": {
    "serverEnabledDespiteRemote": false,
    "stages": [
      {
        "id": "Development",
        "desc": "For applications development"
      },
      {
        "id": "Test",
        "desc": "Acceptance testing"
      },
      {
        "id": "Production",
        "desc": "Running live for users"
      }
    ]
  },
  "graphiteReportingDelay": 0,
  "disableAutomaticTriggers": false,
  "triggerCountdownDuration": 60,
  "achievementsDisabled": false,
  "projectStatusList": [
    {
      "name": "Sandbox",
      "color": "#4285F4"
    },
    {
      "name": "Draft",
      "color": "#77bec2"
    },
    {
      "name": "In use",
      "color": "#94BF51"
    },
    {
      "name": "In production",
      "color": "#ee874a"
    },
    {
      "name": "Archived",
      "color": "#CCCCCC"
    }
  ],
  "homeMessages": [],
  "git": {
    "enforcedConfigurationRules": [
      {
        "allowGit": true,
        "remoteWhitelist": [
          "^(?:git|ssh|https?|git@[-\\w.]+):(\\/\\/)?(.*?)(\\.git)?(\\/?|\\#[-\\d\\w._]+?)$"
        ],
        "gitConfigurationOptions": [],
        "dssControlsSSHCommand": true
      }
    ]
  },
  "globalTagsCategories": [],
  "notifications": {
    "notifyOnUserConnection": "ALL",
    "notifyOnTaskStartAndStop": "ALL_WITH_ACCESS_TO_PROJECT"
  },
  "impersonation": {
    "enabled": false,
    "useHadoopDelegationTokens": true,
    "userRules": [],
    "groupRules": []
  },
  "limits": {
    "memSampleBytes": {
      "soft": 104857600,
      "hard": 524288000
    },
    "shakerMemTableBytes": {
      "soft": -1,
      "hard": 524288000
    },
    "attachmentBytes": {
      "soft": -1,
      "hard": -1
    }
  },
  "cgroupSettings": {
    "enabled": false,
    "hierarchiesMountPoint": "/sys/fs/cgroup",
    "mlKernels": {
      "targets": []
    },
    "pythonRRecipes": {
      "targets": []
    },
    "pythonRSparkRecipes": {
      "targets": []
    },
    "jupyterKernels": {
      "targets": []
    },
    "mlRecipes": {
      "targets": []
    },
    "pythonMacros": {
      "targets": []
    },
    "rmarkdownBuilders": {
      "targets": []
    },
    "webappDevBackends": {
      "targets": []
    },
    "eda": {
      "targets": []
    },
    "cgroups": []
  },
  "defaultDatasetCreationSettings": {
    "preferedStorageFormats": "CSV_ESCAPING_NOGZIP_FORHIVE,CSV_EXCEL_GZIP,PARQUET_HIVE",
    "virtualizable": false,
    "allowUploadsWithoutConnection": true
  },
  "defaultRecipeCreationSettings": {
    "prepareRecipeColumnTypeMode": "ALWAYS_INFER"
  },
  "recipeEnginesPreferences": {
    "forbiddenEngines": [],
    "enginesPreferenceOrder": [],
    "forbiddenByRecipeType": {},
    "preferenceByRecipeType": {}
  },
  "corsSettings": {
    "accessControlAllowOriginRegExps": [],
    "accessControlExposeHeaders": [],
    "accessControlAllowMethods": [],
    "accessControlAllowHeaders": [],
    "accessControlAllowCredentials": false
  },
  "alationSettings": {
    "enabled": false
  },
  "graphicsExportsEnabled": false,
  "codeEnvs": {
    "condaInstallExtraOptions": [],
    "condaCreateExtraOptions": [],
    "pipInstallExtraOptions": [],
    "virtualenvCreateExtraOptions": [],
    "cranMirrorURL": "https://cloud.r-project.org"
  },
  "personalHomePages": {
    "articles": []
  },
  "internalDatabase": {
    "externalConnectionsMaxIdleTimeMS": 600000,
    "externalConnectionsValidationIntervalMS": 180000,
    "maxPooledExternalConnections": 50,
    "builtinConnectionsMaxIdleTimeMS": 1800000,
    "builtinConnectionsValidationIntervalMS": 600000,
    "maxPooledBuiltinConnectionsPerDatabase": 50
  },
  "virtualWebAppBackendSettings": {
    "mode": "USE_DEFAULT",
    "preventOverride": false,
    "infra": {
      "containerSelection": {
        "containerMode": "INHERIT"
      },
      "overrideGlobalK8sExposition": false,
      "exposition": {
        "type": "local_process",
        "params": {}
      },
      "scaling": {
        "initialReplicas": 1,
        "hpa": false,
        "hpaTargetCPUPercent": 0,
        "hpaMetrics": [],
        "hpaMinPods": 0,
        "hpaMaxPods": 0,
        "hpaAnnotations": []
      },
      "deploymentModifier": {}
    }
  },
  "eventServerSettings": {
    "targets": [],
    "queueSize": 5000,
    "requireAuthenticationForEvents": false,
    "eventsAuthenticationKeys": [],
    "requireAuthenticationForStats": false,
    "statsAuthenticationKeys": []
  },
  "helpIntegrationEnabled": true,
  "auditTrailSettings": {
    "targets": [
      {
        "type": "LOG4J",
        "appendTopicToLogger": true,
        "topicsFiltering": "ALL",
        "topics": [],
        "routingKeysFiltering": "ALL",
        "routingKeys": []
      }
    ]
  },
  "computeResourceUsageReportingSettings": {
    "periodicKubernetesUsageReporting": false,
    "includeBuiltinCluster": false,
    "namespacePattern": "^(?!kube-).*"
  }
}