{
    "per_feature": {
        "item_category": {
            "stats": {
                "mostFrequentValue": "D", 
                "leastFrequentValue": "C"
            }, 
            "category_possible_counts": [
                26220, 
                22790, 
                15530
            ], 
            "category_possible_values": [
                "D", 
                "A", 
                "B"
            ]
        }, 
        "card_first_active_month": {
            "stats": {
                "mostFrequentValue": "2016-12", 
                "leastFrequentValue": "2011-12"
            }, 
            "category_possible_counts": [
                7323, 
                6970, 
                5574, 
                5573, 
                5507, 
                5028, 
                4053, 
                3935, 
                3753, 
                3171, 
                3090, 
                3056, 
                2790, 
                2302, 
                2150, 
                2004, 
                1332, 
                1136, 
                989, 
                914, 
                881, 
                831, 
                780, 
                708, 
                677, 
                497, 
                470, 
                430, 
                344, 
                284, 
                278, 
                274, 
                267, 
                262, 
                231, 
                231, 
                174, 
                167, 
                164, 
                141, 
                139, 
                127, 
                94, 
                73, 
                70, 
                70, 
                65, 
                65, 
                64, 
                60, 
                54, 
                51, 
                33, 
                31, 
                28, 
                18, 
                18, 
                13, 
                13, 
                13, 
                11, 
                10, 
                10, 
                7, 
                7, 
                6, 
                6, 
                5, 
                3, 
                3, 
                2
            ], 
            "category_possible_values": [
                "2016-12", 
                "2017-01", 
                "2016-11", 
                "2017-03", 
                "2017-02", 
                "2017-04", 
                "2017-05", 
                "2016-08", 
                "2016-10", 
                "2017-06", 
                "2016-07", 
                "2016-09", 
                "2016-06", 
                "2016-05", 
                "2017-07", 
                "2016-04", 
                "2015-12", 
                "2016-03", 
                "2016-02", 
                "2016-01", 
                "2015-11", 
                "2015-10", 
                "2015-08", 
                "2015-07", 
                "2015-09", 
                "2015-06", 
                "2015-05", 
                "2017-08", 
                "2015-04", 
                "2015-03", 
                "2014-07", 
                "2014-12", 
                "2015-01", 
                "2015-02", 
                "2014-11", 
                "2014-09", 
                "2014-05", 
                "2014-04", 
                "2014-10", 
                "2014-06", 
                "2014-08", 
                "2013-12", 
                "2014-03", 
                "2013-06", 
                "2013-11", 
                "2013-09", 
                "2014-02", 
                "2013-07", 
                "2013-10", 
                "2014-01", 
                "2013-05", 
                "2013-08", 
                "2013-03", 
                "2012-09", 
                "2012-05", 
                "2012-08", 
                "2012-10", 
                "2013-01", 
                "2012-04", 
                "2013-02", 
                "2017-09", 
                "2012-12", 
                "2011-11", 
                "2012-11", 
                "2013-04", 
                "2012-06", 
                "2012-07", 
                "2017-10", 
                "2012-02", 
                "2012-03", 
                "2017-11"
            ]
        }, 
        "authorized_flag": {
            "stats": {}
        }, 
        "merchant_category_id": {
            "stats": {
                "std": 239.10321333544735, 
                "p99": 889.0, 
                "min": 2.0, 
                "max": 891.0, 
                "average": 419.9072354590049, 
                "median": 373.0
            }, 
            "missing_impute_with_value": 419.9072354590049
        }, 
        "card_latitude": {
            "stats": {
                "std": 5.303388493272328, 
                "p99": 48.659, 
                "min": 25.159, 
                "max": 49.291, 
                "average": 39.591305260787365, 
                "median": 39.844
            }, 
            "missing_impute_with_value": 39.591305260787365
        }, 
        "card_id": {
            "stats": {
                "mostFrequentValue": "C_ID_7a03fa69f9", 
                "leastFrequentValue": "C_ID_efb0d252f8"
            }, 
            "category_possible_counts": [
                61, 
                48, 
                47, 
                38, 
                37, 
                37, 
                36, 
                36, 
                36, 
                35, 
                35, 
                35, 
                35, 
                35, 
                34, 
                34, 
                34, 
                33, 
                33, 
                33, 
                32, 
                32, 
                32, 
                32, 
                31, 
                31, 
                30, 
                30, 
                30, 
                30, 
                29, 
                29, 
                29, 
                28, 
                28, 
                28, 
                28, 
                28, 
                27, 
                27, 
                27, 
                27, 
                27, 
                27, 
                27, 
                26, 
                26, 
                26, 
                26, 
                26, 
                26, 
                26, 
                26, 
                26, 
                25, 
                25, 
                25, 
                25, 
                25, 
                25, 
                25, 
                25, 
                25, 
                25, 
                25, 
                25, 
                24, 
                24, 
                24, 
                24, 
                24, 
                24, 
                24, 
                24, 
                24, 
                23, 
                23, 
                23, 
                23, 
                23, 
                23, 
                23, 
                23, 
                23, 
                23, 
                23, 
                23, 
                23, 
                23, 
                22, 
                22, 
                22, 
                22, 
                22, 
                22, 
                22, 
                22, 
                22, 
                22, 
                22, 
                22
            ], 
            "category_possible_values": [
                "C_ID_7a03fa69f9", 
                "C_ID_6ae9f40da5", 
                "C_ID_62698b6025", 
                "C_ID_06a3cf2fbe", 
                "C_ID_651d172f24", 
                "C_ID_d46616aa72", 
                "C_ID_5d3b2958a0", 
                "C_ID_003e56029c", 
                "C_ID_ff9b7366a8", 
                "C_ID_8f2110e34b", 
                "C_ID_ee9208af7b", 
                "C_ID_3b6a04a160", 
                "C_ID_1076351773", 
                "C_ID_ca63575e9c", 
                "C_ID_5a1fc7e2a0", 
                "C_ID_55f47d506e", 
                "C_ID_5fe9e680f5", 
                "C_ID_9008ffbef0", 
                "C_ID_b82983d452", 
                "C_ID_a6e856555f", 
                "C_ID_e8ba9b2566", 
                "C_ID_b306b7d34b", 
                "C_ID_91fac4f3a7", 
                "C_ID_272aa0597a", 
                "C_ID_3fbe822540", 
                "C_ID_97055db9a8", 
                "C_ID_b8296bde99", 
                "C_ID_44ec5a83ae", 
                "C_ID_d17119ccfc", 
                "C_ID_670dc497f6", 
                "C_ID_5a05c5bfbc", 
                "C_ID_007196111f", 
                "C_ID_4c90872428", 
                "C_ID_862a77fbf3", 
                "C_ID_7ebe1f53d9", 
                "C_ID_ef7e33744a", 
                "C_ID_c57808ae14", 
                "C_ID_3d7e0c9037", 
                "C_ID_31f353fbad", 
                "C_ID_82c046e8f8", 
                "C_ID_388e05ae42", 
                "C_ID_f4143f1e5b", 
                "C_ID_4464ba3204", 
                "C_ID_3a95a9e5e1", 
                "C_ID_d3e9668f74", 
                "C_ID_adafc22926", 
                "C_ID_ce43c4bc8e", 
                "C_ID_a03e09e54b", 
                "C_ID_cfda1b7fe6", 
                "C_ID_6ec3aa7c9f", 
                "C_ID_10c0f4fd42", 
                "C_ID_d18a9234a2", 
                "C_ID_e54aeb08f7", 
                "C_ID_a48bcef139", 
                "C_ID_4871cf1b81", 
                "C_ID_9e6b3e491a", 
                "C_ID_eab36be51c", 
                "C_ID_3227e2b41d", 
                "C_ID_edc36511d2", 
                "C_ID_94be784c25", 
                "C_ID_d67277bd53", 
                "C_ID_0f0da34586", 
                "C_ID_1627731112", 
                "C_ID_838146f9cd", 
                "C_ID_f2040a9440", 
                "C_ID_887de408dc", 
                "C_ID_8cd07898f0", 
                "C_ID_94d4d0f2c4", 
                "C_ID_a5d1fd5620", 
                "C_ID_f876daee2f", 
                "C_ID_cfabd8f145", 
                "C_ID_7069f8364b", 
                "C_ID_bdf0e76119", 
                "C_ID_9d0bef1bf6", 
                "C_ID_a540a65b69", 
                "C_ID_625591fd8b", 
                "C_ID_36310815ca", 
                "C_ID_1ae9f697df", 
                "C_ID_96c0bf2ed0", 
                "C_ID_8577fae389", 
                "C_ID_6ff425b8be", 
                "C_ID_4511a12cec", 
                "C_ID_485418d66a", 
                "C_ID_715c80a181", 
                "C_ID_17768e259a", 
                "C_ID_8db144f63e", 
                "C_ID_aa840c386e", 
                "C_ID_953b880f44", 
                "C_ID_4567186799", 
                "C_ID_af6b6e754b", 
                "C_ID_4d3a26f711", 
                "C_ID_117d90c4ce", 
                "C_ID_75e8916fc3", 
                "C_ID_47d2295a52", 
                "C_ID_d45298dee9", 
                "C_ID_98834447a4", 
                "C_ID_0f023c5680", 
                "C_ID_0c8b1c5aae", 
                "C_ID_8f68914de7", 
                "C_ID_7c2f4445cb", 
                "C_ID_a4b7f25186"
            ]
        }, 
        "signature_provided": {
            "stats": {
                "std": 0.3895262855666624, 
                "p99": 1.0, 
                "min": 0.0, 
                "max": 1.0, 
                "average": 0.18651766943638, 
                "median": 0.0
            }, 
            "missing_impute_with_value": 0.18651766943638
        }, 
        "purchase_amount": {
            "stats": {
                "std": 605.2580411996564, 
                "p99": 1607.13, 
                "min": -314.31, 
                "max": 48390.0, 
                "average": 224.33467038740855, 
                "median": 84.86500000000001
            }, 
            "missing_impute_with_value": 224.33467038740855
        }, 
        "merchant_subsector_description": {
            "stats": {
                "mostFrequentValue": "gas", 
                "leastFrequentValue": "software"
            }, 
            "category_possible_counts": [
                13484, 
                12845, 
                11938, 
                11382, 
                7594, 
                3815, 
                3587, 
                3434, 
                3372, 
                1558, 
                1150, 
                1128, 
                543, 
                535, 
                481, 
                468, 
                377, 
                327, 
                287, 
                286, 
                217, 
                159, 
                144, 
                143, 
                114, 
                104, 
                102, 
                88, 
                39, 
                30, 
                30, 
                29, 
                28, 
                25, 
                22, 
                20, 
                15
            ], 
            "category_possible_values": [
                "gas", 
                "consumer electronics", 
                "luxury goods", 
                "internet", 
                "insurance", 
                "restaurant/dining", 
                "groceries", 
                "gym", 
                "entertainment", 
                "carpentry", 
                "beauty & personal care", 
                "retail apparel", 
                "biotechnology", 
                "hotel", 
                "health care services", 
                "liquor", 
                "advertising services", 
                "real estate investments", 
                "semiconductors", 
                "tobacco", 
                "flights", 
                "news & journalism", 
                "pharmaceuticals", 
                "dental", 
                "misc entertainment", 
                "real estate services", 
                "magic cards", 
                "financial services", 
                "office supplies", 
                "utilities", 
                "phone bill", 
                "astrological services", 
                "adult industry", 
                "health care technology", 
                "professional photography", 
                "automobiles", 
                "education services"
            ]
        }, 
        "card_longitude": {
            "stats": {
                "std": 13.632457256701693, 
                "p99": -70.294, 
                "min": -124.614, 
                "max": -67.149, 
                "average": -99.00040220492512, 
                "median": -99.145
            }, 
            "missing_impute_with_value": -99.00040220492512
        }, 
        "card_age": {
            "stats": {
                "std": 20.56465974984369, 
                "p99": 97.0, 
                "min": 18.0, 
                "max": 100.0, 
                "average": 45.73433276604265, 
                "median": 41.0
            }, 
            "missing_impute_with_value": 45.73433276604265
        }, 
        "merchant_latitude": {
            "stats": {
                "std": 5.241295782643597, 
                "p99": 48.639, 
                "min": 25.183, 
                "max": 49.25, 
                "average": 39.378696103211084, 
                "median": 39.464
            }, 
            "missing_impute_with_value": 39.378696103211084
        }, 
        "merchant_cardholder_distance": {
            "stats": {
                "std": 531.9518017333222, 
                "p99": 2359.60553693803, 
                "min": 5.07922226846385, 
                "max": 2808.089425366829, 
                "average": 993.4274560066343, 
                "median": 924.9686884453397
            }, 
            "missing_impute_with_value": 993.4274560066343
        }, 
        "merchant_longitude": {
            "stats": {
                "std": 13.256338227895501, 
                "p99": -70.23, 
                "min": -124.646, 
                "max": -67.073, 
                "average": -99.27558301631406, 
                "median": -99.949
            }, 
            "missing_impute_with_value": -99.27558301631406
        }, 
        "merchant_id": {
            "stats": {
                "mostFrequentValue": "M_ID_00a6ca8a8a", 
                "leastFrequentValue": "M_ID_f8665580af"
            }, 
            "category_possible_counts": [
                3096, 
                1300, 
                649, 
                418, 
                395, 
                318, 
                294, 
                291, 
                251, 
                231, 
                224, 
                199, 
                199, 
                190, 
                183, 
                183, 
                162, 
                159, 
                157, 
                157, 
                156, 
                148, 
                147, 
                144, 
                132, 
                125, 
                115, 
                115, 
                107, 
                102, 
                101, 
                99, 
                98, 
                97, 
                97, 
                96, 
                96, 
                92, 
                89, 
                87, 
                85, 
                84, 
                83, 
                79, 
                78, 
                78, 
                77, 
                77, 
                76, 
                75, 
                75, 
                74, 
                72, 
                72, 
                71, 
                69, 
                69, 
                69, 
                69, 
                68, 
                68, 
                67, 
                67, 
                67, 
                66, 
                66, 
                66, 
                65, 
                65, 
                65, 
                64, 
                64, 
                63, 
                63, 
                62, 
                61, 
                60, 
                59, 
                59, 
                58, 
                58, 
                57, 
                57, 
                57, 
                56, 
                55, 
                55, 
                55, 
                55, 
                54, 
                54, 
                54, 
                53, 
                53, 
                53, 
                52, 
                51, 
                51, 
                50, 
                48, 
                47
            ], 
            "category_possible_values": [
                "M_ID_00a6ca8a8a", 
                "M_ID_e5374dabc0", 
                "M_ID_fc7d7969c3", 
                "M_ID_f86439cec0", 
                "M_ID_98b342c0e3", 
                "M_ID_26d4fadb60", 
                "M_ID_82a30d9203", 
                "M_ID_2637773dd2", 
                "M_ID_445742726b", 
                "M_ID_6f274b9340", 
                "M_ID_b9dcf28cb9", 
                "M_ID_48257bb851", 
                "M_ID_deb43ff012", 
                "M_ID_940fb4498f", 
                "M_ID_b5b80addf5", 
                "M_ID_820c7b73c8", 
                "M_ID_1ac6bbc867", 
                "M_ID_77e2942cd8", 
                "M_ID_59764e8cb1", 
                "M_ID_5e8220e564", 
                "M_ID_d86b8cc0eb", 
                "M_ID_3111c6df35", 
                "M_ID_9e84cda3b1", 
                "M_ID_d8e0d42e4b", 
                "M_ID_a9d91682ad", 
                "M_ID_f416f2710c", 
                "M_ID_1691e83915", 
                "M_ID_548f18cdd2", 
                "M_ID_d96a11b2df", 
                "M_ID_86ec983688", 
                "M_ID_ca4d18b336", 
                "M_ID_3f3084da59", 
                "M_ID_b1fc88154d", 
                "M_ID_a08fe74b06", 
                "M_ID_ee75252e6a", 
                "M_ID_ba1ce2074b", 
                "M_ID_522bd82b6f", 
                "M_ID_3f897c07d9", 
                "M_ID_ec24d672a3", 
                "M_ID_c355870ab2", 
                "M_ID_c0e83eea18", 
                "M_ID_7f9f2e39ec", 
                "M_ID_3056b5cb36", 
                "M_ID_b9f9332438", 
                "M_ID_ac78c7d82a", 
                "M_ID_aa91fc5309", 
                "M_ID_3f644b8667", 
                "M_ID_19171c737a", 
                "M_ID_77197a9b5e", 
                "M_ID_35baecb1f2", 
                "M_ID_f1480cd2d8", 
                "M_ID_c1a7024db1", 
                "M_ID_fd1f12c3f8", 
                "M_ID_2c049b075c", 
                "M_ID_ccd0d5871d", 
                "M_ID_f0400371aa", 
                "M_ID_d2897279e5", 
                "M_ID_06373fb834", 
                "M_ID_183cdc29e4", 
                "M_ID_291c045ffd", 
                "M_ID_620909e2a7", 
                "M_ID_8780293e82", 
                "M_ID_e844ab50e8", 
                "M_ID_97f0959810", 
                "M_ID_29ec8d2ab8", 
                "M_ID_001d92b649", 
                "M_ID_6464db3b45", 
                "M_ID_4e461f7e14", 
                "M_ID_6cb0602e94", 
                "M_ID_a30d553adf", 
                "M_ID_e27d4bbe57", 
                "M_ID_309752ddea", 
                "M_ID_cc72dac895", 
                "M_ID_8fcb16a959", 
                "M_ID_5acc84335e", 
                "M_ID_004995eae1", 
                "M_ID_ff41dc3e35", 
                "M_ID_f40ccc1312", 
                "M_ID_c6ffe460d4", 
                "M_ID_dfcf66c65e", 
                "M_ID_17511eed62", 
                "M_ID_8450b55d77", 
                "M_ID_c8f44ec011", 
                "M_ID_eeba6b925d", 
                "M_ID_f9b32cfc49", 
                "M_ID_ad49138777", 
                "M_ID_d28ecbaaa7", 
                "M_ID_d13262f4b0", 
                "M_ID_ea3e266c07", 
                "M_ID_eadef5a95f", 
                "M_ID_ddb2f16951", 
                "M_ID_076cd8a829", 
                "M_ID_f4be79819d", 
                "M_ID_384ffe1bef", 
                "M_ID_7064a8aa68", 
                "M_ID_9dbbaabb0a", 
                "M_ID_b5e5acf804", 
                "M_ID_1e1f6cc067", 
                "M_ID_42846e7bc8", 
                "M_ID_f9263abc91", 
                "M_ID_4852daada8"
            ]
        }, 
        "card_fico_score": {
            "stats": {
                "std": 168.0358791183219, 
                "p99": 845.0, 
                "min": 300.0, 
                "max": 850.0, 
                "average": 569.9792646911603, 
                "median": 567.0
            }, 
            "missing_impute_with_value": 569.9792646911603
        }, 
        "card_reward_program": {
            "stats": {
                "mostFrequentValue": "cash_back", 
                "leastFrequentValue": "dining_entertainment"
            }, 
            "category_possible_counts": [
                48262, 
                16052
            ], 
            "category_possible_values": [
                "cash_back", 
                "travel"
            ]
        }, 
        "purchase_date": {
            "stats": {
                "mostFrequentValue": "2017-03-09 17:22:00", 
                "leastFrequentValue": "2017-07-06 07:59:54"
            }, 
            "category_possible_counts": [
                3, 
                3, 
                3, 
                2, 
                2, 
                2, 
                2, 
                2, 
                2, 
                2, 
                2, 
                2, 
                2, 
                2, 
                2, 
                2, 
                2, 
                2, 
                2, 
                2, 
                2, 
                2, 
                2, 
                2, 
                2, 
                2, 
                2, 
                2, 
                2, 
                2, 
                2, 
                2, 
                2, 
                2, 
                2, 
                2, 
                2, 
                2, 
                2, 
                2, 
                2, 
                2, 
                2, 
                2, 
                2, 
                2, 
                2, 
                2, 
                2, 
                2, 
                2, 
                2, 
                2, 
                2, 
                2, 
                2, 
                2, 
                2, 
                2, 
                2, 
                2, 
                2, 
                2, 
                2, 
                2, 
                2, 
                2, 
                2, 
                2, 
                2, 
                2, 
                2, 
                2, 
                2, 
                2, 
                2, 
                2, 
                2, 
                2, 
                2, 
                2, 
                2, 
                2, 
                2, 
                2, 
                2, 
                2, 
                2, 
                2, 
                2, 
                2, 
                2, 
                2, 
                2, 
                2, 
                2, 
                2, 
                2, 
                2, 
                2, 
                2
            ], 
            "category_possible_values": [
                "2017-03-09 17:22:00", 
                "2017-06-29 10:37:31", 
                "2017-07-27 16:22:37", 
                "2017-04-12 18:27:00", 
                "2017-06-10 08:51:02", 
                "2017-07-22 13:08:23", 
                "2017-06-06 21:26:47", 
                "2017-07-26 17:59:43", 
                "2017-05-25 14:28:36", 
                "2017-04-29 12:25:54", 
                "2017-07-10 08:19:18", 
                "2017-05-19 19:41:49", 
                "2017-07-14 14:04:37", 
                "2017-07-17 21:01:32", 
                "2017-08-09 17:13:08", 
                "2017-05-13 08:40:47", 
                "2017-05-28 09:43:52", 
                "2017-07-17 13:18:59", 
                "2017-03-07 23:31:56", 
                "2017-03-18 15:57:50", 
                "2017-08-03 20:09:21", 
                "2017-05-19 16:01:56", 
                "2017-07-13 13:38:19", 
                "2017-07-29 16:05:11", 
                "2017-04-27 13:28:00", 
                "2017-07-07 15:43:35", 
                "2017-07-21 13:08:26", 
                "2017-06-16 12:18:47", 
                "2017-05-09 20:57:24", 
                "2017-06-16 16:34:26", 
                "2017-04-16 19:05:12", 
                "2017-04-29 12:54:28", 
                "2017-07-02 10:30:21", 
                "2017-07-06 13:41:28", 
                "2017-06-29 15:15:03", 
                "2017-05-31 13:11:19", 
                "2017-07-14 12:59:19", 
                "2017-08-01 12:11:53", 
                "2017-03-17 16:05:17", 
                "2017-02-15 17:53:18", 
                "2017-08-08 13:30:11", 
                "2017-05-14 22:50:58", 
                "2017-03-11 13:10:02", 
                "2017-07-13 07:00:39", 
                "2017-08-11 21:11:12", 
                "2017-05-17 19:55:38", 
                "2017-05-18 18:14:07", 
                "2017-07-11 17:19:02", 
                "2017-05-03 18:04:56", 
                "2017-05-28 12:14:30", 
                "2017-02-13 15:17:51", 
                "2017-08-08 14:39:30", 
                "2017-04-26 18:40:20", 
                "2017-02-17 19:42:03", 
                "2017-03-06 21:59:57", 
                "2017-05-26 15:05:48", 
                "2017-07-21 12:32:43", 
                "2017-07-11 23:19:37", 
                "2017-05-04 11:21:47", 
                "2017-07-22 12:14:30", 
                "2017-06-08 21:10:19", 
                "2017-07-27 18:10:45", 
                "2017-07-03 17:00:53", 
                "2017-07-22 14:46:36", 
                "2017-07-30 19:20:19", 
                "2017-08-02 14:34:11", 
                "2017-08-12 17:45:15", 
                "2017-05-10 17:15:16", 
                "2017-06-14 18:33:17", 
                "2017-06-12 18:34:47", 
                "2017-05-01 12:08:01", 
                "2017-06-02 13:06:55", 
                "2017-08-05 14:22:07", 
                "2017-06-05 11:57:04", 
                "2017-08-11 19:59:37", 
                "2017-03-07 22:15:45", 
                "2017-03-27 20:34:30", 
                "2017-08-06 09:37:39", 
                "2017-06-13 12:49:47", 
                "2017-07-26 14:19:48", 
                "2017-05-28 13:19:08", 
                "2017-05-21 11:03:21", 
                "2017-05-05 12:25:18", 
                "2017-05-31 20:42:27", 
                "2017-07-06 17:59:07", 
                "2017-08-02 15:00:59", 
                "2017-07-07 18:19:11", 
                "2017-07-21 12:41:09", 
                "2017-03-17 15:54:38", 
                "2017-07-11 08:00:11", 
                "2017-07-30 11:16:57", 
                "2017-04-14 15:09:21", 
                "2017-08-03 19:11:24", 
                "2017-07-20 18:35:11", 
                "2017-07-22 16:04:47", 
                "2017-08-05 14:56:09", 
                "2017-08-11 08:44:56", 
                "2017-07-14 11:06:56", 
                "2017-02-28 16:40:47", 
                "2017-06-03 16:08:17", 
                "2017-06-09 09:07:33"
            ]
        }
    }, 
    "feature_order": [
        "item_category", 
        "card_first_active_month", 
        "authorized_flag", 
        "merchant_category_id", 
        "card_latitude", 
        "card_id", 
        "signature_provided", 
        "purchase_amount", 
        "merchant_subsector_description", 
        "card_longitude", 
        "card_age", 
        "merchant_latitude", 
        "merchant_cardholder_distance", 
        "merchant_longitude", 
        "merchant_id", 
        "card_fico_score", 
        "card_reward_program", 
        "purchase_date"
    ]
}