{
  "users": [
    {
      "login": "admin",
      "displayName": "Jerrold Law",
      "email": "jlaw@confluent.io",
      "groups": [
        "administrators"
      ],
      "sourceType": "LOCAL",
      "userProfile": "DESIGNER",
      "enabled": true,
      "password": "pbkdf2:10000:73334eba5fc31a47:570bcebde1a48874474ef5c595e10ab13ddde94ea198ba23bc7a1762fb39cc12f4103d8ef3a293e7a8a4a1e2c8d51247d7d18756851e5ff7a70226d45766bb28",
      "credentials": {},
      "adminProperties": {},
      "userProperties": {},
      "npsSurveySettings": {
        "state": "INITIAL",
        "nextAction": 1615382871513
      },
      "secrets": []
    }
  ],
  "groups": [
    {
      "name": "administrators",
      "description": "Default group for DSS administrators",
      "sourceType": "LOCAL",
      "admin": true,
      "mayManageUDM": false,
      "mayCreateProjects": false,
      "mayCreateProjectsFromMacros": false,
      "mayCreateProjectsFromTemplates": false,
      "mayCreateProjectsFromDataikuApps": false,
      "mayWriteUnsafeCode": false,
      "mayWriteSafeCode": false,
      "mayCreateAuthenticatedConnections": false,
      "mayCreateCodeEnvs": false,
      "mayCreateClusters": false,
      "mayDevelopPlugins": false,
      "mayEditLibFolders": false,
      "mayManageCodeEnvs": false,
      "mayManageClusters": false,
      "mayViewIndexedHiveConnections": false,
      "mayCreatePublishedAPIServices": false,
      "mayWriteInRootProjectFolder": true,
      "mayCreateActiveWebContent": true,
      "canObtainAPITicketFromCookiesForGroupsRegex": ""
    },
    {
      "name": "data_team",
      "description": "Default group for read/write access to projects",
      "sourceType": "LOCAL",
      "admin": false,
      "mayManageUDM": false,
      "mayCreateProjects": false,
      "mayCreateProjectsFromMacros": false,
      "mayCreateProjectsFromTemplates": false,
      "mayCreateProjectsFromDataikuApps": false,
      "mayWriteUnsafeCode": true,
      "mayWriteSafeCode": true,
      "mayCreateAuthenticatedConnections": false,
      "mayCreateCodeEnvs": false,
      "mayCreateClusters": false,
      "mayDevelopPlugins": false,
      "mayEditLibFolders": false,
      "mayManageCodeEnvs": false,
      "mayManageClusters": false,
      "mayViewIndexedHiveConnections": false,
      "mayCreatePublishedAPIServices": false,
      "mayWriteInRootProjectFolder": true,
      "mayCreateActiveWebContent": true,
      "canObtainAPITicketFromCookiesForGroupsRegex": ""
    },
    {
      "name": "readers",
      "description": "Default group for dashboard-only access",
      "sourceType": "LOCAL",
      "admin": false,
      "mayManageUDM": false,
      "mayCreateProjects": false,
      "mayCreateProjectsFromMacros": false,
      "mayCreateProjectsFromTemplates": false,
      "mayCreateProjectsFromDataikuApps": false,
      "mayWriteUnsafeCode": false,
      "mayWriteSafeCode": false,
      "mayCreateAuthenticatedConnections": false,
      "mayCreateCodeEnvs": false,
      "mayCreateClusters": false,
      "mayDevelopPlugins": false,
      "mayEditLibFolders": false,
      "mayManageCodeEnvs": false,
      "mayManageClusters": false,
      "mayViewIndexedHiveConnections": false,
      "mayCreatePublishedAPIServices": false,
      "mayWriteInRootProjectFolder": true,
      "mayCreateActiveWebContent": true,
      "canObtainAPITicketFromCookiesForGroupsRegex": ""
    }
  ]
}