{
    "resumed": false, 
    "timeOrderingEnabled": false, 
    "preSearchDescription": {
        "importantParams": [
            {
                "vals": [
                    "l2"
                ], 
                "name": "penalty"
            }, 
            {
                "vals": [
                    "0.01", 
                    "0.1", 
                    "1.0", 
                    "10.0", 
                    "100.0"
                ], 
                "name": "C"
            }
        ], 
        "searchStrategy": "GRID", 
        "gridLength": 5
    }, 
    "trainingTime": 0, 
    "state": "RUNNING", 
    "sampleWeightsEnabled": false, 
    "startTime": 1612829805382, 
    "preprocessingTime": 0, 
    "progress": {
        "top_level_todo": [
            "Fitting model", 
            "Saving model", 
            "Scoring model"
        ], 
        "stack": [
            {
                "startTimestamp": 1612829807864, 
                "name": "Hyperparameter searching", 
                "target": null
            }
        ], 
        "top_level_done": [
            {
                "name": "Loading train set", 
                "time": 903
            }, 
            {
                "name": "Loading test set", 
                "time": 223
            }, 
            {
                "name": "Collecting statistics", 
                "time": 454
            }, 
            {
                "name": "Preprocessing train set", 
                "time": 589
            }, 
            {
                "name": "Preprocessing test set", 
                "time": 305
            }
        ]
    }, 
    "hyperparamsSearchTime": 0, 
    "endTime": 0, 
    "modelId": "m1"
}