{
  "events": [
    {
      "rollbarIt": false,
      "time": "2021-02-09-00-19-54-224",
      "payload": {
        "done": 2,
        "failed": 0,
        "aborted": 0,
        "running": 0,
        "projectKey": "2429fc794b167357432064497868af45",
        "analysisId": "emZEHnbb",
        "mlTaskId": "1feRqF6L",
        "mlTaskType": "PREDICTION",
        "predictionType": "BINARY_CLASSIFICATION",
        "metric": "ROC_AUC",
        "models": [
          {
            "algorithm": "LOGISTIC_REGRESSION",
            "totalTime": 115604,
            "state": "DONE",
            "preSearch": {
              "gridLength": 5,
              "searchStrategy": "GRID",
              "importantParams": [
                {
                  "name": "penalty",
                  "vals": [
                    "l2"
                  ]
                },
                {
                  "name": "C",
                  "vals": [
                    "0.01",
                    "0.1",
                    "1.0",
                    "10.0",
                    "100.0"
                  ]
                }
              ]
            },
            "postSearch": {
              "importantParams": [
                {
                  "name": "C",
                  "val": "0.1"
                },
                {
                  "name": "penalty",
                  "val": "l2"
                }
              ]
            },
            "auc": 0.7531670778602328,
            "f1": 0.9464276326165817
          },
          {
            "algorithm": "RANDOM_FOREST_CLASSIFICATION",
            "totalTime": 129284,
            "state": "DONE",
            "preSearch": {
              "gridLength": 2,
              "searchStrategy": "GRID",
              "importantParams": [
                {
                  "name": "trees",
                  "vals": [
                    "100"
                  ]
                },
                {
                  "name": "depth",
                  "vals": [
                    "6",
                    "14"
                  ]
                },
                {
                  "name": "min_samples",
                  "vals": [
                    "1"
                  ]
                }
              ]
            },
            "postSearch": {
              "importantParams": [
                {
                  "name": "trees",
                  "val": "100"
                },
                {
                  "name": "depth",
                  "val": "14"
                },
                {
                  "name": "min_samples",
                  "val": "1"
                }
              ]
            },
            "auc": 0.7573636411818643,
            "f1": 0.9469340552474571
          }
        ]
      },
      "message": "mltask-train-done"
    }
  ]
}