{
  "activities": {
    "score_transactions_prepared_unknown_NP": {
      "activityType": "RECIPE",
      "pipelineRecipes": [],
      "recipeName": "score_transactions_prepared_unknown",
      "recipeType": "prediction_scoring",
      "activityId": "score_transactions_prepared_unknown_NP",
      "sources": [
        {
          "type": "SAVED_MODEL",
          "id": "FRAUD_DEMO.GYqmixh4",
          "statsType": "NONE",
          "totalReadBytes": -1,
          "totalReadRecords": -1,
          "partitions": [
            {
              "id": "NP",
              "totalSize": -1,
              "totalFiles": -1,
              "totalRecords": -1,
              "readBytes": -1,
              "readRecords": -1
            }
          ]
        },
        {
          "type": "DATASET",
          "id": "FRAUD_DEMO.transactions_prepared_unknown",
          "statsType": "NONE",
          "totalReadBytes": -1,
          "totalReadRecords": -1,
          "partitions": [
            {
              "id": "NP",
              "totalSize": -1,
              "totalFiles": -1,
              "totalRecords": -1,
              "readBytes": -1,
              "readRecords": -1
            }
          ]
        }
      ],
      "targets": [
        {
          "type": "DATASET",
          "id": "FRAUD_DEMO.transactions_prepared_unknown_scored",
          "partition": {
            "id": "NP",
            "writtenBytes": -1,
            "writtenRecords": -1,
            "writtenFiles": -1
          }
        }
      ],
      "state": "DONE",
      "runningManagedThreads": 0,
      "startTime": 1612830052780,
      "endTime": 1612830067605,
      "partialExecutionOrder": 0,
      "warnings": {
        "warnings": {},
        "totalCount": 0
      },
      "def": {
        "activityId": "score_transactions_prepared_unknown_NP",
        "recipes": [
          {
            "projectKey": "FRAUD_DEMO",
            "name": "score_transactions_prepared_unknown",
            "type": "prediction_scoring"
          }
        ],
        "sources": [
          {
            "projectKey": "FRAUD_DEMO",
            "datasetName": "GYqmixh4",
            "partitionIds": [
              "NP"
            ]
          },
          {
            "projectKey": "FRAUD_DEMO",
            "datasetName": "transactions_prepared_unknown",
            "partitionIds": [
              "NP"
            ]
          }
        ],
        "targets": [
          {
            "projectKey": "FRAUD_DEMO",
            "datasetName": "transactions_prepared_unknown_scored",
            "partitionId": "NP"
          }
        ],
        "requiredReason": {
          "type": "NON_RECURSIVE_FORCED_BUILD",
          "previousRecordTime": 0
        },
        "dependencies": [],
        "recipeProjectKey": "FRAUD_DEMO",
        "recipeName": "score_transactions_prepared_unknown",
        "recipeType": "prediction_scoring"
      },
      "runningThings": {
        "sql": [],
        "hive": []
      },
      "counters": {}
    }
  },
  "jobBeforePrune": {
    "rootIds": [
      "score_transactions_prepared_unknown_NP"
    ],
    "allActivities": {
      "score_transactions_prepared_unknown_NP": {
        "activityId": "score_transactions_prepared_unknown_NP",
        "recipes": [
          {
            "projectKey": "FRAUD_DEMO",
            "name": "score_transactions_prepared_unknown",
            "type": "prediction_scoring"
          }
        ],
        "sources": [
          {
            "projectKey": "FRAUD_DEMO",
            "datasetName": "GYqmixh4",
            "partitionIds": [
              "NP"
            ]
          },
          {
            "projectKey": "FRAUD_DEMO",
            "datasetName": "transactions_prepared_unknown",
            "partitionIds": [
              "NP"
            ]
          }
        ],
        "targets": [
          {
            "projectKey": "FRAUD_DEMO",
            "datasetName": "transactions_prepared_unknown_scored",
            "partitionId": "NP"
          }
        ],
        "dependencies": [],
        "recipeProjectKey": "FRAUD_DEMO",
        "recipeName": "score_transactions_prepared_unknown",
        "recipeType": "prediction_scoring"
      }
    }
  },
  "job": {
    "rootIds": [
      "score_transactions_prepared_unknown_NP"
    ],
    "allActivities": {
      "score_transactions_prepared_unknown_NP": {
        "activityId": "score_transactions_prepared_unknown_NP",
        "recipes": [
          {
            "projectKey": "FRAUD_DEMO",
            "name": "score_transactions_prepared_unknown",
            "type": "prediction_scoring"
          }
        ],
        "sources": [
          {
            "projectKey": "FRAUD_DEMO",
            "datasetName": "GYqmixh4",
            "partitionIds": [
              "NP"
            ]
          },
          {
            "projectKey": "FRAUD_DEMO",
            "datasetName": "transactions_prepared_unknown",
            "partitionIds": [
              "NP"
            ]
          }
        ],
        "targets": [
          {
            "projectKey": "FRAUD_DEMO",
            "datasetName": "transactions_prepared_unknown_scored",
            "partitionId": "NP"
          }
        ],
        "requiredReason": {
          "type": "NON_RECURSIVE_FORCED_BUILD",
          "previousRecordTime": 0
        },
        "dependencies": [],
        "recipeProjectKey": "FRAUD_DEMO",
        "recipeName": "score_transactions_prepared_unknown",
        "recipeType": "prediction_scoring"
      }
    }
  },
  "def": {
    "type": "NON_RECURSIVE_FORCED_BUILD",
    "projectKey": "FRAUD_DEMO",
    "id": "Build_transactions_prepared_unknown_scored_2021-02-09T00-20-51.717",
    "name": "Build transactions_prepared_unknown_scored",
    "initiator": "admin",
    "triggeredFrom": "RECIPE",
    "recipe": "score_transactions_prepared_unknown",
    "initiationTimestamp": 1612830051717,
    "mailNotification": false,
    "outputs": [
      {
        "type": "DATASET",
        "targetDatasetProjectKey": "FRAUD_DEMO",
        "targetDataset": "transactions_prepared_unknown_scored"
      }
    ],
    "refreshHiveMetastore": true
  },
  "state": "DONE",
  "jobStartTime": 1612830051730,
  "jobEndTime": 1612830067991,
  "resolveDuration": 718,
  "execDuration": 15385,
  "kernelPid": 1175
}