{
    "resumed": false, 
    "timeOrderingEnabled": false, 
    "preSearchDescription": {
        "importantParams": [
            {
                "vals": [
                    "100"
                ], 
                "name": "trees"
            }, 
            {
                "vals": [
                    "6", 
                    "14"
                ], 
                "name": "depth"
            }, 
            {
                "vals": [
                    "1"
                ], 
                "name": "min_samples"
            }
        ], 
        "searchStrategy": "GRID", 
        "gridLength": 2
    }, 
    "trainingTime": 0, 
    "state": "RUNNING", 
    "sampleWeightsEnabled": false, 
    "startTime": 1612829805383, 
    "preprocessingTime": 0, 
    "progress": {
        "top_level_todo": [
            "Fitting model", 
            "Saving model", 
            "Scoring model"
        ], 
        "stack": [
            {
                "startTimestamp": 1612829807929, 
                "name": "Hyperparameter searching", 
                "target": null
            }
        ], 
        "top_level_done": [
            {
                "name": "Loading train set", 
                "time": 857
            }, 
            {
                "name": "Loading test set", 
                "time": 238
            }, 
            {
                "name": "Collecting statistics", 
                "time": 534
            }, 
            {
                "name": "Preprocessing train set", 
                "time": 652
            }, 
            {
                "name": "Preprocessing test set", 
                "time": 256
            }
        ]
    }, 
    "hyperparamsSearchTime": 0, 
    "endTime": 0, 
    "modelId": "m1"
}