{
    "gridSize": 5, 
    "nThreads": 4, 
    "metric": "ROC_AUC", 
    "gridPoints": [
        {
            "scoreTimeMean": 432.0, 
            "best_iteration": null, 
            "time": 14063, 
            "trainScoreMean": 0.7630685856299719, 
            "finishedAt": 1612829872445, 
            "fitTimeStd": 194.23410845906773, 
            "testScoreStd": 0.0027973637778278284, 
            "scoreTimeStd": 64.07807737440318, 
            "parameters": {
                "penalty": "l2", 
                "C": 1.0
            }, 
            "testScoreMean": 0.747813568134003, 
            "score": 0.747813568134003, 
            "trainScoreStd": 0.0020938322907327507, 
            "testScoreGibMean": 0.747813568134003, 
            "fitTimeMean": 4255.666666666667
        }, 
        {
            "scoreTimeMean": 464.0, 
            "best_iteration": null, 
            "time": 5672, 
            "trainScoreMean": 0.7469778054139706, 
            "finishedAt": 1612829873418, 
            "fitTimeStd": 210.49993401951988, 
            "testScoreStd": 0.0034919393846121667, 
            "scoreTimeStd": 89.9592500339274, 
            "parameters": {
                "penalty": "l2", 
                "C": 0.01
            }, 
            "testScoreMean": 0.7426636135032776, 
            "score": 0.7426636135032776, 
            "trainScoreStd": 0.0020854070407994234, 
            "testScoreGibMean": 0.7426636135032776, 
            "fitTimeMean": 1426.6666666666667
        }, 
        {
            "scoreTimeMean": 2074.0, 
            "best_iteration": null, 
            "time": 24897, 
            "trainScoreMean": 0.7582818348864316, 
            "finishedAt": 1612829881365, 
            "fitTimeStd": 234.45255383552555, 
            "testScoreStd": 0.0031400338130736383, 
            "scoreTimeStd": 331.41816486125197, 
            "parameters": {
                "penalty": "l2", 
                "C": 0.1
            }, 
            "testScoreMean": 0.7489468288900868, 
            "score": 0.7489468288900868, 
            "trainScoreStd": 0.002103455940350605, 
            "testScoreGibMean": 0.7489468288900868, 
            "fitTimeMean": 6225.0
        }, 
        {
            "scoreTimeMean": 524.0, 
            "best_iteration": null, 
            "time": 86655, 
            "trainScoreMean": 0.7639000514985034, 
            "finishedAt": 1612829910915, 
            "fitTimeStd": 3369.6756520472413, 
            "testScoreStd": 0.0024704783393026276, 
            "scoreTimeStd": 94.04608799235972, 
            "parameters": {
                "penalty": "l2", 
                "C": 10.0
            }, 
            "testScoreMean": 0.7456059059925861, 
            "score": 0.7456059059925861, 
            "trainScoreStd": 0.002089646708099806, 
            "testScoreGibMean": 0.7456059059925861, 
            "fitTimeMean": 28361.0
        }, 
        {
            "scoreTimeMean": 508.3333333333333, 
            "best_iteration": null, 
            "time": 86604, 
            "trainScoreMean": 0.7639868623117766, 
            "finishedAt": 1612829931560, 
            "fitTimeStd": 9176.619723817455, 
            "testScoreStd": 0.0023320357887235783, 
            "scoreTimeStd": 179.91911763036435, 
            "parameters": {
                "penalty": "l2", 
                "C": 100.0
            }, 
            "testScoreMean": 0.7445671531782856, 
            "score": 0.7445671531782856, 
            "trainScoreStd": 0.002101256341360737, 
            "testScoreGibMean": 0.7445671531782856, 
            "fitTimeMean": 28359.666666666668
        }
    ], 
    "timeout": null, 
    "startedAt": 1612829867516, 
    "nSplits": 3
}