[
    {
        "fit_time": 3981, 
        "best_iteration": null, 
        "test_score": 0.7438576213659513, 
        "time": 4330, 
        "split_id": 0, 
        "parameters": {
            "penalty": "l2", 
            "C": 1.0
        }, 
        "num_samples": 26638, 
        "score_time": 349, 
        "train_score": 0.7659681203728761, 
        "done_at": 1612829871864, 
        "test_score_gib": 0.7438576213659513
    }, 
    {
        "fit_time": 4396, 
        "best_iteration": null, 
        "test_score": 0.7497746038575188, 
        "time": 4901, 
        "split_id": 1, 
        "parameters": {
            "penalty": "l2", 
            "C": 1.0
        }, 
        "num_samples": 26637, 
        "score_time": 505, 
        "train_score": 0.7610986764690896, 
        "done_at": 1612829872445, 
        "test_score_gib": 0.7497746038575188
    }, 
    {
        "fit_time": 4390, 
        "best_iteration": null, 
        "test_score": 0.7498086276917635, 
        "time": 4832, 
        "split_id": 2, 
        "parameters": {
            "penalty": "l2", 
            "C": 1.0
        }, 
        "num_samples": 26637, 
        "score_time": 442, 
        "train_score": 0.7621388511942979, 
        "done_at": 1612829872376, 
        "test_score_gib": 0.7498086276917635
    }, 
    {
        "fit_time": 1508, 
        "best_iteration": null, 
        "test_score": 0.7379061131852067, 
        "time": 1845, 
        "split_id": 0, 
        "parameters": {
            "penalty": "l2", 
            "C": 0.01
        }, 
        "num_samples": 26638, 
        "score_time": 337, 
        "train_score": 0.7497493623274936, 
        "done_at": 1612829869397, 
        "test_score_gib": 0.7379061131852067
    }, 
    {
        "fit_time": 1138, 
        "best_iteration": null, 
        "test_score": 0.7461889621037203, 
        "time": 1672, 
        "split_id": 1, 
        "parameters": {
            "penalty": "l2", 
            "C": 0.01
        }, 
        "num_samples": 26637, 
        "score_time": 534, 
        "train_score": 0.7447190309210625, 
        "done_at": 1612829871152, 
        "test_score_gib": 0.7461889621037203
    }, 
    {
        "fit_time": 1634, 
        "best_iteration": null, 
        "test_score": 0.7438959438258657, 
        "time": 2155, 
        "split_id": 2, 
        "parameters": {
            "penalty": "l2", 
            "C": 0.01
        }, 
        "num_samples": 26637, 
        "score_time": 521, 
        "train_score": 0.746464918944217, 
        "done_at": 1612829873418, 
        "test_score_gib": 0.7438959438258657
    }, 
    {
        "fit_time": 5897, 
        "best_iteration": null, 
        "test_score": 0.7445549397724858, 
        "time": 7772, 
        "split_id": 0, 
        "parameters": {
            "penalty": "l2", 
            "C": 0.1
        }, 
        "num_samples": 26638, 
        "score_time": 1875, 
        "train_score": 0.7612015262276726, 
        "done_at": 1612829879750, 
        "test_score_gib": 0.7445549397724858
    }, 
    {
        "fit_time": 6347, 
        "best_iteration": null, 
        "test_score": 0.7517108892889521, 
        "time": 8888, 
        "split_id": 1, 
        "parameters": {
            "penalty": "l2", 
            "C": 0.1
        }, 
        "num_samples": 26637, 
        "score_time": 2541, 
        "train_score": 0.7563288774015113, 
        "done_at": 1612829881365, 
        "test_score_gib": 0.7517108892889521
    }, 
    {
        "fit_time": 6431, 
        "best_iteration": null, 
        "test_score": 0.7505748224880925, 
        "time": 8237, 
        "split_id": 2, 
        "parameters": {
            "penalty": "l2", 
            "C": 0.1
        }, 
        "num_samples": 26637, 
        "score_time": 1806, 
        "train_score": 0.7573149914197442, 
        "done_at": 1612829880845, 
        "test_score_gib": 0.7505748224880925
    }, 
    {
        "fit_time": 31947, 
        "best_iteration": null, 
        "test_score": 0.7421446162741911, 
        "time": 32537, 
        "split_id": 0, 
        "parameters": {
            "penalty": "l2", 
            "C": 10.0
        }, 
        "num_samples": 26638, 
        "score_time": 590, 
        "train_score": 0.766785515552028, 
        "done_at": 1612829906065, 
        "test_score_gib": 0.7421446162741911
    }, 
    {
        "fit_time": 23850, 
        "best_iteration": null, 
        "test_score": 0.7469253194085435, 
        "time": 24441, 
        "split_id": 1, 
        "parameters": {
            "penalty": "l2", 
            "C": 10.0
        }, 
        "num_samples": 26637, 
        "score_time": 591, 
        "train_score": 0.7619047462259025, 
        "done_at": 1612829904792, 
        "test_score_gib": 0.7469253194085435
    }, 
    {
        "fit_time": 29286, 
        "best_iteration": null, 
        "test_score": 0.7477479122379498, 
        "time": 29677, 
        "split_id": 2, 
        "parameters": {
            "penalty": "l2", 
            "C": 10.0
        }, 
        "num_samples": 26637, 
        "score_time": 391, 
        "train_score": 0.7630097843921659, 
        "done_at": 1612829910915, 
        "test_score_gib": 0.7477479122379498
    }, 
    {
        "fit_time": 40514, 
        "best_iteration": null, 
        "test_score": 0.7412917825048901, 
        "time": 41275, 
        "split_id": 0, 
        "parameters": {
            "penalty": "l2", 
            "C": 100.0
        }, 
        "num_samples": 26638, 
        "score_time": 761, 
        "train_score": 0.766886991245683, 
        "done_at": 1612829922983, 
        "test_score_gib": 0.7412917825048901
    }, 
    {
        "fit_time": 26222, 
        "best_iteration": null, 
        "test_score": 0.7458713645062733, 
        "time": 26578, 
        "split_id": 1, 
        "parameters": {
            "penalty": "l2", 
            "C": 100.0
        }, 
        "num_samples": 26637, 
        "score_time": 356, 
        "train_score": 0.7619758302543973, 
        "done_at": 1612829931560, 
        "test_score_gib": 0.7458713645062733
    }, 
    {
        "fit_time": 18343, 
        "best_iteration": null, 
        "test_score": 0.7465384354868905, 
        "time": 18751, 
        "split_id": 2, 
        "parameters": {
            "penalty": "l2", 
            "C": 100.0
        }, 
        "num_samples": 26637, 
        "score_time": 408, 
        "train_score": 0.7630976565592901, 
        "done_at": 1612829924947, 
        "test_score_gib": 0.7465384354868905
    }
]