{
  "state": "DONE",
  "preSearchDescription": {
    "gridLength": 5,
    "searchStrategy": "GRID",
    "importantParams": [
      {
        "name": "penalty",
        "vals": [
          "l2"
        ]
      },
      {
        "name": "C",
        "vals": [
          "0.01",
          "0.1",
          "1.0",
          "10.0",
          "100.0"
        ]
      }
    ]
  },
  "postSearchDescription": {
    "importantParams": [
      {
        "name": "C",
        "val": "0.1"
      },
      {
        "name": "penalty",
        "val": "l2"
      }
    ]
  },
  "resumed": false,
  "timeOrderingEnabled": false,
  "sampleWeightsEnabled": false,
  "modelId": "m1",
  "progress": {
    "top_level_todo": [],
    "stack": [],
    "top_level_done": [
      {
        "name": "Loading train set",
        "time": 799
      },
      {
        "name": "Loading test set",
        "time": 220
      },
      {
        "name": "Collecting statistics",
        "time": 558
      },
      {
        "name": "Preprocessing train set",
        "time": 468
      },
      {
        "name": "Preprocessing test set",
        "time": 159
      },
      {
        "name": "Hyperparameter searching",
        "time": 65643
      },
      {
        "name": "Fitting model",
        "time": 3945
      },
      {
        "name": "Saving model",
        "time": 5
      },
      {
        "name": "Scoring model",
        "time": 13145
      }
    ]
  },
  "startTime": 1612829864843,
  "endTime": 1612829980447,
  "preprocessingTime": 2210,
  "trainingTime": 113394,
  "hyperparamsSearchTime": 65643
}