[
    {
        "fit_time": 35929, 
        "best_iteration": null, 
        "test_score": 0.7334844613201199, 
        "time": 44189, 
        "split_id": 0, 
        "parameters": {
            "max_features": "auto", 
            "n_estimators": 100, 
            "min_samples_split": 3, 
            "max_depth": 6, 
            "min_samples_leaf": 1
        }, 
        "num_samples": 26638, 
        "score_time": 8260, 
        "train_score": 0.76323793894274, 
        "done_at": 1612829911960, 
        "test_score_gib": 0.7334844613201199
    }, 
    {
        "fit_time": 34069, 
        "best_iteration": null, 
        "test_score": 0.7567941598794082, 
        "time": 42075, 
        "split_id": 1, 
        "parameters": {
            "max_features": "auto", 
            "n_estimators": 100, 
            "min_samples_split": 3, 
            "max_depth": 6, 
            "min_samples_leaf": 1
        }, 
        "num_samples": 26637, 
        "score_time": 8006, 
        "train_score": 0.7609182186777548, 
        "done_at": 1612829909856, 
        "test_score_gib": 0.7567941598794082
    }, 
    {
        "fit_time": 36670, 
        "best_iteration": null, 
        "test_score": 0.7467365576848238, 
        "time": 43746, 
        "split_id": 2, 
        "parameters": {
            "max_features": "auto", 
            "n_estimators": 100, 
            "min_samples_split": 3, 
            "max_depth": 6, 
            "min_samples_leaf": 1
        }, 
        "num_samples": 26637, 
        "score_time": 7076, 
        "train_score": 0.7561524804347435, 
        "done_at": 1612829911521, 
        "test_score_gib": 0.7467365576848238
    }, 
    {
        "fit_time": 50318, 
        "best_iteration": null, 
        "test_score": 0.739633385741441, 
        "time": 58363, 
        "split_id": 0, 
        "parameters": {
            "max_features": "auto", 
            "n_estimators": 100, 
            "min_samples_split": 3, 
            "max_depth": 14, 
            "min_samples_leaf": 1
        }, 
        "num_samples": 26638, 
        "score_time": 8045, 
        "train_score": 0.8281167988056224, 
        "done_at": 1612829926161, 
        "test_score_gib": 0.739633385741441
    }, 
    {
        "fit_time": 26439, 
        "best_iteration": null, 
        "test_score": 0.7633362376412733, 
        "time": 29665, 
        "split_id": 1, 
        "parameters": {
            "max_features": "auto", 
            "n_estimators": 100, 
            "min_samples_split": 3, 
            "max_depth": 14, 
            "min_samples_leaf": 1
        }, 
        "num_samples": 26637, 
        "score_time": 3226, 
        "train_score": 0.8297586572781657, 
        "done_at": 1612829939650, 
        "test_score_gib": 0.7633362376412733
    }, 
    {
        "fit_time": 24291, 
        "best_iteration": null, 
        "test_score": 0.7562934842632711, 
        "time": 27263, 
        "split_id": 2, 
        "parameters": {
            "max_features": "auto", 
            "n_estimators": 100, 
            "min_samples_split": 3, 
            "max_depth": 14, 
            "min_samples_leaf": 1
        }, 
        "num_samples": 26637, 
        "score_time": 2972, 
        "train_score": 0.8311072508452866, 
        "done_at": 1612829938911, 
        "test_score_gib": 0.7562934842632711
    }
]