{
    "gridSize": 2, 
    "nThreads": 4, 
    "metric": "ROC_AUC", 
    "gridPoints": [
        {
            "scoreTimeMean": 7780.666666666667, 
            "best_iteration": null, 
            "time": 130010, 
            "trainScoreMean": 0.7601029185831455, 
            "finishedAt": 1612829911960, 
            "fitTimeStd": 1094.1197375059094, 
            "testScoreStd": 0.00954592369029538, 
            "scoreTimeStd": 508.95011761686646, 
            "parameters": {
                "max_features": "auto", 
                "n_estimators": 100, 
                "min_samples_split": 3, 
                "max_depth": 6, 
                "min_samples_leaf": 1
            }, 
            "testScoreMean": 0.7456715737862124, 
            "score": 0.7456715737862124, 
            "trainScoreStd": 0.0029495237375814602, 
            "testScoreGibMean": 0.7456715737862124, 
            "fitTimeMean": 35556.0
        }, 
        {
            "scoreTimeMean": 4747.666666666667, 
            "best_iteration": null, 
            "time": 115291, 
            "trainScoreMean": 0.8296608829871429, 
            "finishedAt": 1612829939650, 
            "fitTimeStd": 11795.598397519117, 
            "testScoreStd": 0.0099386658411085, 
            "scoreTimeStd": 2333.8715093642627, 
            "parameters": {
                "max_features": "auto", 
                "n_estimators": 100, 
                "min_samples_split": 3, 
                "max_depth": 14, 
                "min_samples_leaf": 1
            }, 
            "testScoreMean": 0.7530875341845011, 
            "score": 0.7530875341845011, 
            "trainScoreStd": 0.0012228067611086647, 
            "testScoreGibMean": 0.7530875341845011, 
            "fitTimeMean": 33682.666666666664
        }
    ], 
    "timeout": null, 
    "startedAt": 1612829867749, 
    "nSplits": 3
}