{
  "params": {
    "ttPolicy": "SPLIT_SINGLE_DATASET",
    "ssdSplitMode": "RANDOM",
    "splitBeforePrepare": true,
    "ssdSelection": {
      "useMemTable": false,
      "filter": {
        "distinct": false,
        "enabled": false
      },
      "partitionSelectionMethod": "ALL",
      "latestPartitionsN": 1,
      "ordering": {
        "enabled": false,
        "rules": []
      },
      "samplingMethod": "HEAD_SEQUENTIAL",
      "maxRecords": 100000,
      "targetRatio": 0.02,
      "withinFirstN": -1,
      "maxReadUncompressedBytes": -1
    },
    "ssdTrainingRatio": 0.8,
    "ssdSeed": 1337,
    "testOnLargerValues": true,
    "kfold": false,
    "nFolds": 5,
    "instanceIdRefresher": 0,
    "subSamplingSeed": 1337
  },
  "generationDate": 1612829794801,
  "policyId": "type\u003dSPLIT_SINGLE_DATASET,split\u003dRANDOM,splitBeforePrepare\u003dtrue,ds\u003dtransactions_prepared,sel\u003d(method\u003dhead-s,records\u003d100000),r\u003d0.8,s\u003d1337",
  "instanceId": "15a542240679ce1a634b3518cbfc576f-0",
  "format": "csv1",
  "schema": {
    "columns": [
      {"name":"authorized_flag","type":"bigint"},
      {"name":"purchase_date","type":"string"},
      {"name":"card_id","type":"string"},
      {"name":"merchant_id","type":"string"},
      {"name":"merchant_category_id","type":"bigint"},
      {"name":"item_category","type":"string"},
      {"name":"purchase_amount","type":"double"},
      {"name":"signature_provided","type":"bigint"},
      {"name":"card_first_active_month","type":"string"},
      {"name":"card_reward_program","type":"string"},
      {"name":"card_latitude","type":"double"},
      {"name":"card_longitude","type":"double"},
      {"name":"card_fico_score","type":"bigint"},
      {"name":"card_age","type":"bigint"},
      {"name":"merchant_subsector_description","type":"string"},
      {"name":"merchant_latitude","type":"double"},
      {"name":"merchant_longitude","type":"double"},
      {"name":"merchant_cardholder_distance","type":"double"}
    ],
    "userModified": false
  },
  "trainPath": "train.csv.gz",
  "testPath": "test.csv.gz",
  "trainRows": 79912,
  "testRows": 20088,
  "fullRows": 0
}